120259084288,METHOD_PARAMETER_OUT,this,0,BY_VALUE,0,false,1,this,,,0,ANY
120259084289,METHOD_PARAMETER_OUT,this,2,BY_VALUE,0,false,7,this,,,0,ANY
120259084290,METHOD_PARAMETER_OUT,private readonly appService: AppService,14,BY_VALUE,1,false,7,appService,,,1,ANY
120259084291,METHOD_PARAMETER_OUT,this,2,BY_VALUE,0,false,9,this,,,0,ANY
120259084292,METHOD_PARAMETER_OUT,this,0,BY_VALUE,0,false,1,this,,,0,ANY
120259084293,METHOD_PARAMETER_OUT,this,0,BY_VALUE,0,false,15,this,,,0,ANY
120259084294,METHOD_PARAMETER_OUT,this,2,BY_VALUE,0,false,29,this,,,0,ANY
120259084295,METHOD_PARAMETER_OUT,consumer: MiddlewareConsumer,12,BY_VALUE,1,false,29,consumer,,,1,ANY
120259084296,METHOD_PARAMETER_OUT,this,0,BY_VALUE,0,false,1,this,,,0,ANY
120259084297,METHOD_PARAMETER_OUT,this,0,BY_VALUE,0,false,3,this,,,0,ANY
120259084298,METHOD_PARAMETER_OUT,this,2,BY_VALUE,0,false,7,this,,,0,ANY
120259084299,METHOD_PARAMETER_OUT,this,0,BY_VALUE,0,false,1,this,,,0,ANY
120259084300,METHOD_PARAMETER_OUT,this,2,BY_VALUE,0,false,11,this,,,0,ANY
120259084301,METHOD_PARAMETER_OUT,private readonly roleAliasesService: RoleAliasesService,14,BY_VALUE,1,false,11,roleAliasesService,,,1,ANY
120259084302,METHOD_PARAMETER_OUT,createRoleAliasDto: CreateRoleAliasDto,23,BY_VALUE,1,false,15,createRoleAliasDto,,,1,ANY
120259084303,METHOD_PARAMETER_OUT,this,2,BY_VALUE,0,false,14,this,,,0,ANY
120259084304,METHOD_PARAMETER_OUT,this,2,BY_VALUE,0,false,23,this,,,0,ANY
120259084305,METHOD_PARAMETER_OUT,id: string,29,BY_VALUE,1,false,30,id,,,1,__ecma.String
120259084306,METHOD_PARAMETER_OUT,this,2,BY_VALUE,0,false,29,this,,,0,ANY
120259084307,METHOD_PARAMETER_OUT,findRoleAliasDto: FindRoleAliasDto,25,BY_VALUE,1,false,37,findRoleAliasDto,,,1,ANY
120259084308,METHOD_PARAMETER_OUT,this,2,BY_VALUE,0,false,36,this,,,0,ANY
120259084309,METHOD_PARAMETER_OUT,id: string,28,BY_VALUE,1,false,45,id,,,1,__ecma.String
120259084310,METHOD_PARAMETER_OUT,updateRoleAliasDto: UpdateRoleAliasDto,48,BY_VALUE,2,false,45,updateRoleAliasDto,,,2,ANY
120259084311,METHOD_PARAMETER_OUT,this,2,BY_VALUE,0,false,44,this,,,0,ANY
120259084312,METHOD_PARAMETER_OUT,id: string,28,BY_VALUE,1,false,53,id,,,1,__ecma.String
120259084313,METHOD_PARAMETER_OUT,this,2,BY_VALUE,0,false,52,this,,,0,ANY
120259084314,METHOD_PARAMETER_OUT,this,0,BY_VALUE,0,false,1,this,,,0,ANY
120259084315,METHOD_PARAMETER_OUT,this,0,BY_VALUE,0,false,9,this,,,0,ANY
120259084316,METHOD_PARAMETER_OUT,this,0,BY_VALUE,0,false,1,this,,,0,ANY
120259084317,METHOD_PARAMETER_OUT,this,2,BY_VALUE,0,false,11,this,,,0,ANY
120259084318,METHOD_PARAMETER_OUT,private readonly rolesService: RolesService,14,BY_VALUE,1,false,11,rolesService,,,1,ANY
120259084319,METHOD_PARAMETER_OUT,createRoleDto: CreateRoleDto,23,BY_VALUE,1,false,15,createRoleDto,,,1,ANY
120259084320,METHOD_PARAMETER_OUT,this,2,BY_VALUE,0,false,14,this,,,0,ANY
120259084321,METHOD_PARAMETER_OUT,this,2,BY_VALUE,0,false,22,this,,,0,ANY
120259084322,METHOD_PARAMETER_OUT,findRoleDto: FindRoleDto,25,BY_VALUE,1,false,29,findRoleDto,,,1,ANY
120259084323,METHOD_PARAMETER_OUT,this,2,BY_VALUE,0,false,28,this,,,0,ANY
120259084324,METHOD_PARAMETER_OUT,id: string,29,BY_VALUE,1,false,36,id,,,1,__ecma.String
120259084325,METHOD_PARAMETER_OUT,this,2,BY_VALUE,0,false,35,this,,,0,ANY
120259084326,METHOD_PARAMETER_OUT,id: string,28,BY_VALUE,1,false,44,id,,,1,__ecma.String
120259084327,METHOD_PARAMETER_OUT,updateRoleDto: UpdateRoleDto,48,BY_VALUE,2,false,44,updateRoleDto,,,2,ANY
120259084328,METHOD_PARAMETER_OUT,this,2,BY_VALUE,0,false,43,this,,,0,ANY
120259084329,METHOD_PARAMETER_OUT,id: string,28,BY_VALUE,1,false,52,id,,,1,__ecma.String
120259084330,METHOD_PARAMETER_OUT,this,2,BY_VALUE,0,false,51,this,,,0,ANY
120259084331,METHOD_PARAMETER_OUT,this,0,BY_VALUE,0,false,1,this,,,0,ANY
120259084332,METHOD_PARAMETER_OUT,this,0,BY_VALUE,0,false,8,this,,,0,ANY
120259084333,METHOD_PARAMETER_OUT,this,0,BY_VALUE,0,false,1,this,,,0,ANY
120259084334,METHOD_PARAMETER_OUT,this,2,BY_VALUE,0,false,12,this,,,0,ANY
120259084335,METHOD_PARAMETER_OUT,private readonly tenantRoleAliasService: TenantRoleAliasesService,14,BY_VALUE,1,false,12,tenantRoleAliasService,,,1,ANY
120259084336,METHOD_PARAMETER_OUT,createTenantRoleAliasDto: CreateTenantRoleAliasDto,23,BY_VALUE,1,false,16,createTenantRoleAliasDto,,,1,ANY
120259084337,METHOD_PARAMETER_OUT,this,2,BY_VALUE,0,false,15,this,,,0,ANY
120259084338,METHOD_PARAMETER_OUT,this,2,BY_VALUE,0,false,23,this,,,0,ANY
120259084339,METHOD_PARAMETER_OUT,findTenantRoleAliasesDto: FindTenantRoleAliasDto,25,BY_VALUE,1,false,31,findTenantRoleAliasesDto,,,1,ANY
120259084340,METHOD_PARAMETER_OUT,this,2,BY_VALUE,0,false,30,this,,,0,ANY
120259084341,METHOD_PARAMETER_OUT,assignRoleAliasDto: AssignTenantRoleAliasDto,23,BY_VALUE,1,false,37,assignRoleAliasDto,,,1,ANY
120259084342,METHOD_PARAMETER_OUT,this,2,BY_VALUE,0,false,36,this,,,0,ANY
120259084343,METHOD_PARAMETER_OUT,id: string,29,BY_VALUE,1,false,44,id,,,1,__ecma.String
120259084344,METHOD_PARAMETER_OUT,this,2,BY_VALUE,0,false,43,this,,,0,ANY
120259084345,METHOD_PARAMETER_OUT,id: string,28,BY_VALUE,1,false,52,id,,,1,__ecma.String
120259084346,METHOD_PARAMETER_OUT,updateTenantRoleAliasesDto: UpdateTenantRoleAliasDto,48,BY_VALUE,2,false,52,updateTenantRoleAliasesDto,,,2,ANY
120259084347,METHOD_PARAMETER_OUT,this,2,BY_VALUE,0,false,51,this,,,0,ANY
120259084348,METHOD_PARAMETER_OUT,id: string,28,BY_VALUE,1,false,60,id,,,1,__ecma.String
120259084349,METHOD_PARAMETER_OUT,this,2,BY_VALUE,0,false,59,this,,,0,ANY
120259084350,METHOD_PARAMETER_OUT,this,0,BY_VALUE,0,false,1,this,,,0,ANY
120259084351,METHOD_PARAMETER_OUT,this,0,BY_VALUE,0,false,8,this,,,0,ANY
120259084352,METHOD_PARAMETER_OUT,this,0,BY_VALUE,0,false,1,this,,,0,ANY
120259084353,METHOD_PARAMETER_OUT,this,2,BY_VALUE,0,false,11,this,,,0,ANY
120259084354,METHOD_PARAMETER_OUT,private readonly tenantsService: TenantsService,14,BY_VALUE,1,false,11,tenantsService,,,1,ANY
120259084355,METHOD_PARAMETER_OUT,createTenantDto: CreateTenantDto,23,BY_VALUE,1,false,15,createTenantDto,,,1,ANY
120259084356,METHOD_PARAMETER_OUT,this,2,BY_VALUE,0,false,14,this,,,0,ANY
120259084357,METHOD_PARAMETER_OUT,this,2,BY_VALUE,0,false,28,this,,,0,ANY
120259084358,METHOD_PARAMETER_OUT,findTenantDto: FindTenantDto,25,BY_VALUE,1,false,35,findTenantDto,,,1,ANY
120259084359,METHOD_PARAMETER_OUT,this,2,BY_VALUE,0,false,34,this,,,0,ANY
120259084360,METHOD_PARAMETER_OUT,id: string,29,BY_VALUE,1,false,42,id,,,1,__ecma.String
120259084361,METHOD_PARAMETER_OUT,this,2,BY_VALUE,0,false,41,this,,,0,ANY
120259084362,METHOD_PARAMETER_OUT,id: string,28,BY_VALUE,1,false,50,id,,,1,__ecma.String
120259084363,METHOD_PARAMETER_OUT,updateTenantDto: UpdateTenantDto,48,BY_VALUE,2,false,50,updateTenantDto,,,2,ANY
120259084364,METHOD_PARAMETER_OUT,this,2,BY_VALUE,0,false,49,this,,,0,ANY
120259084365,METHOD_PARAMETER_OUT,id: string,28,BY_VALUE,1,false,63,id,,,1,__ecma.String
120259084366,METHOD_PARAMETER_OUT,this,2,BY_VALUE,0,false,62,this,,,0,ANY
120259084367,METHOD_PARAMETER_OUT,this,0,BY_VALUE,0,false,1,this,,,0,ANY
120259084368,METHOD_PARAMETER_OUT,this,0,BY_VALUE,0,false,8,this,,,0,ANY
120259084369,METHOD_PARAMETER_OUT,this,0,BY_VALUE,0,false,1,this,,,0,ANY
120259084370,METHOD_PARAMETER_OUT,this,2,BY_VALUE,0,false,10,this,,,0,ANY
120259084371,METHOD_PARAMETER_OUT,private readonly userRoleByTenantsService: UserRoleByTenantsService,14,BY_VALUE,1,false,10,userRoleByTenantsService,,,1,ANY
120259084372,METHOD_PARAMETER_OUT,createUserRoleByTenantsDto: CreateUserRoleByTenantsDto,23,BY_VALUE,1,false,14,createUserRoleByTenantsDto,,,1,ANY
120259084373,METHOD_PARAMETER_OUT,this,2,BY_VALUE,0,false,13,this,,,0,ANY
120259084374,METHOD_PARAMETER_OUT,this,2,BY_VALUE,0,false,21,this,,,0,ANY
120259084375,METHOD_PARAMETER_OUT,findUserRoleByTenantsDto: FindUserRoleByTenantsDto,25,BY_VALUE,1,false,28,findUserRoleByTenantsDto,,,1,ANY
120259084376,METHOD_PARAMETER_OUT,this,2,BY_VALUE,0,false,27,this,,,0,ANY
120259084377,METHOD_PARAMETER_OUT,id: string,28,BY_VALUE,1,false,36,id,,,1,__ecma.String
120259084378,METHOD_PARAMETER_OUT,updateUserRoleByTenantDto: UpdateUserRoleByTenantsDto,48,BY_VALUE,2,false,36,updateUserRoleByTenantDto,,,2,ANY
120259084379,METHOD_PARAMETER_OUT,this,2,BY_VALUE,0,false,35,this,,,0,ANY
120259084380,METHOD_PARAMETER_OUT,id: string,28,BY_VALUE,1,false,44,id,,,1,__ecma.String
120259084381,METHOD_PARAMETER_OUT,this,2,BY_VALUE,0,false,43,this,,,0,ANY
120259084382,METHOD_PARAMETER_OUT,this,0,BY_VALUE,0,false,1,this,,,0,ANY
120259084383,METHOD_PARAMETER_OUT,this,0,BY_VALUE,0,false,14,this,,,0,ANY
120259084384,METHOD_PARAMETER_OUT,this,0,BY_VALUE,0,false,1,this,,,0,ANY
120259084385,METHOD_PARAMETER_OUT,this,2,BY_VALUE,0,false,12,this,,,0,ANY
120259084386,METHOD_PARAMETER_OUT,private readonly usersService: UsersService,14,BY_VALUE,1,false,12,usersService,,,1,ANY
120259084387,METHOD_PARAMETER_OUT,createUserDto: CreateUserDto,23,BY_VALUE,1,false,16,createUserDto,,,1,ANY
120259084388,METHOD_PARAMETER_OUT,payload: string,73,BY_VALUE,2,false,16,payload,,,2,__ecma.String
120259084389,METHOD_PARAMETER_OUT,this,2,BY_VALUE,0,false,15,this,,,0,ANY
120259084390,METHOD_PARAMETER_OUT,this,2,BY_VALUE,0,false,26,this,,,0,ANY
120259084391,METHOD_PARAMETER_OUT,findUserDto: FindUserDto,25,BY_VALUE,1,false,33,findUserDto,,,1,ANY
120259084392,METHOD_PARAMETER_OUT,this,2,BY_VALUE,0,false,32,this,,,0,ANY
120259084393,METHOD_PARAMETER_OUT,id: string,29,BY_VALUE,1,false,39,id,,,1,__ecma.String
120259084394,METHOD_PARAMETER_OUT,this,2,BY_VALUE,0,false,38,this,,,0,ANY
120259084395,METHOD_PARAMETER_OUT,id: string,28,BY_VALUE,1,false,47,id,,,1,__ecma.String
120259084396,METHOD_PARAMETER_OUT,updateUserDto: UpdateUserDto,48,BY_VALUE,2,false,47,updateUserDto,,,2,ANY
120259084397,METHOD_PARAMETER_OUT,payload: string,98,BY_VALUE,3,false,47,payload,,,3,__ecma.String
120259084398,METHOD_PARAMETER_OUT,this,2,BY_VALUE,0,false,46,this,,,0,ANY
120259084399,METHOD_PARAMETER_OUT,temporalId: string,40,BY_VALUE,1,false,57,temporalId,,,1,__ecma.String
120259084400,METHOD_PARAMETER_OUT,this,2,BY_VALUE,0,false,56,this,,,0,ANY
120259084401,METHOD_PARAMETER_OUT,userId: number,44,BY_VALUE,1,false,65,userId,,,1,__ecma.Number
120259084402,METHOD_PARAMETER_OUT,this,2,BY_VALUE,0,false,64,this,,,0,ANY
120259084403,METHOD_PARAMETER_OUT,userId: number,44,BY_VALUE,1,false,70,userId,,,1,__ecma.Number
120259084404,METHOD_PARAMETER_OUT,this,2,BY_VALUE,0,false,69,this,,,0,ANY
120259084405,METHOD_PARAMETER_OUT,id: string,28,BY_VALUE,1,false,75,id,,,1,__ecma.String
120259084406,METHOD_PARAMETER_OUT,payload: string,60,BY_VALUE,2,false,75,payload,,,2,__ecma.String
120259084407,METHOD_PARAMETER_OUT,this,2,BY_VALUE,0,false,74,this,,,0,ANY
120259084408,METHOD_PARAMETER_OUT,this,0,BY_VALUE,0,false,1,this,,,0,ANY
120259084409,METHOD_PARAMETER_OUT,this,0,BY_VALUE,0,false,10,this,,,0,ANY
120259084410,METHOD_PARAMETER_OUT,this,0,BY_VALUE,0,false,1,this,,,0,ANY
120259084411,METHOD_PARAMETER_OUT,this,30,BY_VALUE,0,false,27,this,,,0,ANY
120259084412,METHOD_PARAMETER_OUT,this,0,BY_VALUE,0,false,10,this,,,0,ANY
120259084413,METHOD_PARAMETER_OUT,this,0,BY_VALUE,0,false,1,this,,,0,ANY
120259084414,METHOD_PARAMETER_OUT,this,7,BY_VALUE,0,false,5,this,,,0,ANY
120259084415,METHOD_PARAMETER_OUT,this,0,BY_VALUE,0,false,1,this,,,0,ANY
120259084416,METHOD_PARAMETER_OUT,this,7,BY_VALUE,0,false,5,this,,,0,ANY
120259084417,METHOD_PARAMETER_OUT,this,0,BY_VALUE,0,false,1,this,,,0,ANY
120259084418,METHOD_PARAMETER_OUT,this,7,BY_VALUE,0,false,3,this,,,0,ANY
120259084419,METHOD_PARAMETER_OUT,this,0,BY_VALUE,0,false,1,this,,,0,ANY
120259084420,METHOD_PARAMETER_OUT,this,7,BY_VALUE,0,false,6,this,,,0,ANY
120259084421,METHOD_PARAMETER_OUT,this,0,BY_VALUE,0,false,1,this,,,0,ANY
120259084422,METHOD_PARAMETER_OUT,private readonly rolesAliasRepository: Repository<RoleAlias>,4,BY_VALUE,1,false,18,rolesAliasRepository,,,1,ANY
120259084423,METHOD_PARAMETER_OUT,private readonly rolesRepository: Repository<Role>,4,BY_VALUE,2,false,20,rolesRepository,,,2,ANY
120259084424,METHOD_PARAMETER_OUT,private readonly tenantRoleAliasRepository: Repository<TenantRoleAliases>,4,BY_VALUE,3,false,22,tenantRoleAliasRepository,,,3,ANY
120259084425,METHOD_PARAMETER_OUT,this,23,BY_VALUE,0,false,24,this,,,0,ANY
120259084426,METHOD_PARAMETER_OUT,private readonly tenantRoleAliasService: TenantRoleAliasesService,4,BY_VALUE,4,false,25,tenantRoleAliasService,,,4,ANY
120259084427,METHOD_PARAMETER_OUT,this,2,BY_VALUE,0,false,16,this,,,0,ANY
120259084428,METHOD_PARAMETER_OUT,this,64,BY_VALUE,0,false,69,this,,,0,ANY
120259084429,METHOD_PARAMETER_OUT,tenantRoleAlias,65,BY_VALUE,1,false,69,tenantRoleAlias,,,1,ANY
120259084430,METHOD_PARAMETER_OUT,this,2,BY_VALUE,0,false,28,this,,,0,ANY
120259084431,METHOD_PARAMETER_OUT,createRoleAliasDto: CreateRoleAliasDto,15,BY_VALUE,1,false,28,createRoleAliasDto,,,1,ANY
120259084432,METHOD_PARAMETER_OUT,this,2,BY_VALUE,0,false,80,this,,,0,ANY
120259084433,METHOD_PARAMETER_OUT,this,2,BY_VALUE,0,false,92,this,,,0,ANY
120259084434,METHOD_PARAMETER_OUT,id: number,16,BY_VALUE,1,false,92,id,,,1,__ecma.Number
120259084435,METHOD_PARAMETER_OUT,this,35,BY_VALUE,0,false,120,this,,,0,ANY
120259084436,METHOD_PARAMETER_OUT,alias,36,BY_VALUE,1,false,120,alias,,,1,__ecma.String
120259084437,METHOD_PARAMETER_OUT,this,39,BY_VALUE,0,false,125,this,,,0,ANY
120259084438,METHOD_PARAMETER_OUT,desc,40,BY_VALUE,1,false,125,desc,,,1,__ecma.String
120259084439,METHOD_PARAMETER_OUT,this,2,BY_VALUE,0,false,105,this,,,0,ANY
120259084440,METHOD_PARAMETER_OUT,findRoleAliasDto: FindRoleAliasDto,19,BY_VALUE,1,false,105,findRoleAliasDto,,,1,ANY
120259084441,METHOD_PARAMETER_OUT,this,69,BY_VALUE,0,false,204,this,,,0,ANY
120259084442,METHOD_PARAMETER_OUT,tenantRoleAlias,70,BY_VALUE,1,false,204,tenantRoleAlias,,,1,ANY
120259084443,METHOD_PARAMETER_OUT,this,2,BY_VALUE,0,false,144,this,,,0,ANY
120259084444,METHOD_PARAMETER_OUT,id: number,15,BY_VALUE,1,false,144,id,,,1,__ecma.Number
120259084445,METHOD_PARAMETER_OUT,updateRoleAliasDto: UpdateRoleAliasDto,27,BY_VALUE,2,false,144,updateRoleAliasDto,,,2,ANY
120259084446,METHOD_PARAMETER_OUT,this,2,BY_VALUE,0,false,214,this,,,0,ANY
120259084447,METHOD_PARAMETER_OUT,id: number,15,BY_VALUE,1,false,214,id,,,1,__ecma.Number
120259084448,METHOD_PARAMETER_OUT,this,0,BY_VALUE,0,false,1,this,,,0,ANY
120259084449,METHOD_PARAMETER_OUT,this,7,BY_VALUE,0,false,5,this,,,0,ANY
120259084450,METHOD_PARAMETER_OUT,this,0,BY_VALUE,0,false,1,this,,,0,ANY
120259084451,METHOD_PARAMETER_OUT,this,7,BY_VALUE,0,false,4,this,,,0,ANY
120259084452,METHOD_PARAMETER_OUT,this,0,BY_VALUE,0,false,1,this,,,0,ANY
120259084453,METHOD_PARAMETER_OUT,this,7,BY_VALUE,0,false,1,this,,,0,ANY
120259084454,METHOD_PARAMETER_OUT,this,0,BY_VALUE,0,false,1,this,,,0,ANY
120259084455,METHOD_PARAMETER_OUT,this,7,BY_VALUE,0,false,6,this,,,0,ANY
120259084456,METHOD_PARAMETER_OUT,this,0,BY_VALUE,0,false,1,this,,,0,ANY
120259084457,METHOD_PARAMETER_OUT,private readonly rolesRepository: Repository<Role>,4,BY_VALUE,1,false,18,rolesRepository,,,1,ANY
120259084458,METHOD_PARAMETER_OUT,this,2,BY_VALUE,0,false,16,this,,,0,ANY
120259084459,METHOD_PARAMETER_OUT,this,2,BY_VALUE,0,false,21,this,,,0,ANY
120259084460,METHOD_PARAMETER_OUT,createRoleDto: CreateRoleDto,15,BY_VALUE,1,false,21,createRoleDto,,,1,ANY
120259084461,METHOD_PARAMETER_OUT,this,2,BY_VALUE,0,false,105,this,,,0,ANY
120259084462,METHOD_PARAMETER_OUT,this,2,BY_VALUE,0,false,122,this,,,0,ANY
120259084463,METHOD_PARAMETER_OUT,id: number,16,BY_VALUE,1,false,122,id,,,1,__ecma.Number
120259084464,METHOD_PARAMETER_OUT,this,25,BY_VALUE,0,false,181,this,,,0,ANY
120259084465,METHOD_PARAMETER_OUT,name,26,BY_VALUE,1,false,181,name,,,1,__ecma.String
120259084466,METHOD_PARAMETER_OUT,this,81,BY_VALUE,0,false,186,this,,,0,ANY
120259084467,METHOD_PARAMETER_OUT,tag,82,BY_VALUE,1,false,186,tag,,,1,__ecma.String
120259084468,METHOD_PARAMETER_OUT,this,2,BY_VALUE,0,false,148,this,,,0,ANY
120259084469,METHOD_PARAMETER_OUT,findRoleDto: FindRoleDto,19,BY_VALUE,1,false,148,findRoleDto,,,1,ANY
120259084470,METHOD_PARAMETER_OUT,this,2,BY_VALUE,0,false,229,this,,,0,ANY
120259084471,METHOD_PARAMETER_OUT,id: number,15,BY_VALUE,1,false,229,id,,,1,__ecma.Number
120259084472,METHOD_PARAMETER_OUT,updateRoleDto: UpdateRoleDto,27,BY_VALUE,2,false,229,updateRoleDto,,,2,ANY
120259084473,METHOD_PARAMETER_OUT,this,2,BY_VALUE,0,false,343,this,,,0,ANY
120259084474,METHOD_PARAMETER_OUT,id: number,15,BY_VALUE,1,false,343,id,,,1,__ecma.Number
120259084475,METHOD_PARAMETER_OUT,this,0,BY_VALUE,0,false,1,this,,,0,ANY
120259084476,METHOD_PARAMETER_OUT,this,7,BY_VALUE,0,false,6,this,,,0,ANY
120259084477,METHOD_PARAMETER_OUT,this,0,BY_VALUE,0,false,1,this,,,0,ANY
120259084478,METHOD_PARAMETER_OUT,this,7,BY_VALUE,0,false,5,this,,,0,ANY
120259084479,METHOD_PARAMETER_OUT,this,0,BY_VALUE,0,false,1,this,,,0,ANY
120259084480,METHOD_PARAMETER_OUT,this,7,BY_VALUE,0,false,5,this,,,0,ANY
120259084481,METHOD_PARAMETER_OUT,this,0,BY_VALUE,0,false,1,this,,,0,ANY
120259084482,METHOD_PARAMETER_OUT,this,7,BY_VALUE,0,false,1,this,,,0,ANY
120259084483,METHOD_PARAMETER_OUT,this,0,BY_VALUE,0,false,1,this,,,0,ANY
120259084484,METHOD_PARAMETER_OUT,this,7,BY_VALUE,0,false,6,this,,,0,ANY
120259084485,METHOD_PARAMETER_OUT,this,0,BY_VALUE,0,false,1,this,,,0,ANY
120259084486,METHOD_PARAMETER_OUT,private readonly rolesAliasRepository: Repository<RoleAlias>,4,BY_VALUE,1,false,18,rolesAliasRepository,,,1,ANY
120259084487,METHOD_PARAMETER_OUT,private readonly rolesRepository: Repository<Role>,4,BY_VALUE,2,false,20,rolesRepository,,,2,ANY
120259084488,METHOD_PARAMETER_OUT,private readonly tenantRoleAliasRepository: Repository<TenantRoleAliases>,4,BY_VALUE,3,false,22,tenantRoleAliasRepository,,,3,ANY
120259084489,METHOD_PARAMETER_OUT,private readonly tenantRepository: Repository<Tenant>,4,BY_VALUE,4,false,24,tenantRepository,,,4,ANY
120259084490,METHOD_PARAMETER_OUT,this,2,BY_VALUE,0,false,16,this,,,0,ANY
120259084491,METHOD_PARAMETER_OUT,this,2,BY_VALUE,0,false,27,this,,,0,ANY
120259084492,METHOD_PARAMETER_OUT,"{ tenant, role, roleAlias, enabled }: CreateTenantRoleAliasDto",15,BY_VALUE,1,false,27,param1_0,,,1,src/shared/context/tenant-role-aliases/tenant-role-aliases.service.ts::program:TenantRoleAliasesService:create:<anon-class>0
120259084493,METHOD_PARAMETER_OUT,this,2,BY_VALUE,0,false,93,this,,,0,ANY
120259084494,METHOD_PARAMETER_OUT,this,2,BY_VALUE,0,false,102,this,,,0,ANY
120259084495,METHOD_PARAMETER_OUT,id: number,16,BY_VALUE,1,false,102,id,,,1,__ecma.Number
120259084496,METHOD_PARAMETER_OUT,this,2,BY_VALUE,0,false,112,this,,,0,ANY
120259084497,METHOD_PARAMETER_OUT,"{ ids, tenants, roles, roleAliases, enabled }: FindTenantRoleAliasDto",19,BY_VALUE,1,false,112,param1_1,,,1,src/shared/context/tenant-role-aliases/tenant-role-aliases.service.ts::program:TenantRoleAliasesService:findByMany:<anon-class>1
120259084498,METHOD_PARAMETER_OUT,this,2,BY_VALUE,0,false,134,this,,,0,ANY
120259084499,METHOD_PARAMETER_OUT,id: number,15,BY_VALUE,1,false,134,id,,,1,__ecma.Number
120259084500,METHOD_PARAMETER_OUT,"{ tenant, role, roleAlias, enabled }: UpdateTenantRoleAliasDto",27,BY_VALUE,2,false,134,param2_0,,,2,src/shared/context/tenant-role-aliases/tenant-role-aliases.service.ts::program:TenantRoleAliasesService:update:<anon-class>2
120259084501,METHOD_PARAMETER_OUT,this,2,BY_VALUE,0,false,217,this,,,0,ANY
120259084502,METHOD_PARAMETER_OUT,id: number,15,BY_VALUE,1,false,217,id,,,1,__ecma.Number
120259084503,METHOD_PARAMETER_OUT,this,25,BY_VALUE,0,false,290,this,,,0,ANY
120259084504,METHOD_PARAMETER_OUT,qb,26,BY_VALUE,1,false,290,qb,,,1,ANY
120259084505,METHOD_PARAMETER_OUT,this,2,BY_VALUE,0,false,241,this,,,0,ANY
120259084506,METHOD_PARAMETER_OUT,"{ roleAliasToUpdate, tenantRoleAliasNew, roleId }: AssignTenantRoleAliasDto",26,BY_VALUE,1,false,241,param1_2,,,1,src/shared/context/tenant-role-aliases/tenant-role-aliases.service.ts::program:TenantRoleAliasesService:assignToRoleAlias:<anon-class>3
120259084507,METHOD_PARAMETER_OUT,this,0,BY_VALUE,0,false,1,this,,,0,ANY
120259084508,METHOD_PARAMETER_OUT,this,7,BY_VALUE,0,false,5,this,,,0,ANY
120259084509,METHOD_PARAMETER_OUT,this,0,BY_VALUE,0,false,1,this,,,0,ANY
120259084510,METHOD_PARAMETER_OUT,this,7,BY_VALUE,0,false,5,this,,,0,ANY
120259084511,METHOD_PARAMETER_OUT,this,0,BY_VALUE,0,false,1,this,,,0,ANY
120259084512,METHOD_PARAMETER_OUT,this,7,BY_VALUE,0,false,1,this,,,0,ANY
120259084513,METHOD_PARAMETER_OUT,this,0,BY_VALUE,0,false,1,this,,,0,ANY
120259084514,METHOD_PARAMETER_OUT,this,7,BY_VALUE,0,false,6,this,,,0,ANY
120259084515,METHOD_PARAMETER_OUT,this,0,BY_VALUE,0,false,1,this,,,0,ANY
120259084516,METHOD_PARAMETER_OUT,private readonly tenantRepository: Repository<Tenant>,4,BY_VALUE,1,false,17,tenantRepository,,,1,ANY
120259084517,METHOD_PARAMETER_OUT,this,2,BY_VALUE,0,false,15,this,,,0,ANY
120259084518,METHOD_PARAMETER_OUT,this,2,BY_VALUE,0,false,20,this,,,0,ANY
120259084519,METHOD_PARAMETER_OUT,createTenantDto: CreateTenantDto,15,BY_VALUE,1,false,20,createTenantDto,,,1,ANY
120259084520,METHOD_PARAMETER_OUT,this,2,BY_VALUE,0,false,43,this,,,0,ANY
120259084521,METHOD_PARAMETER_OUT,this,2,BY_VALUE,0,false,63,this,,,0,ANY
120259084522,METHOD_PARAMETER_OUT,id: number,16,BY_VALUE,1,false,63,id,,,1,__ecma.Number
120259084523,METHOD_PARAMETER_OUT,this,79,BY_VALUE,0,false,127,this,,,0,ANY
120259084524,METHOD_PARAMETER_OUT,name,80,BY_VALUE,1,false,127,name,,,1,__ecma.String
120259084525,METHOD_PARAMETER_OUT,this,76,BY_VALUE,0,false,131,this,,,0,ANY
120259084526,METHOD_PARAMETER_OUT,url,77,BY_VALUE,1,false,131,url,,,1,__ecma.String
120259084527,METHOD_PARAMETER_OUT,this,2,BY_VALUE,0,false,92,this,,,0,ANY
120259084528,METHOD_PARAMETER_OUT,findTenantDto: FindTenantDto,19,BY_VALUE,1,false,92,findTenantDto,,,1,ANY
120259084529,METHOD_PARAMETER_OUT,this,2,BY_VALUE,0,false,171,this,,,0,ANY
120259084530,METHOD_PARAMETER_OUT,id: number,15,BY_VALUE,1,false,171,id,,,1,__ecma.Number
120259084531,METHOD_PARAMETER_OUT,updateTenantDto: UpdateTenantDto,27,BY_VALUE,2,false,171,updateTenantDto,,,2,ANY
120259084532,METHOD_PARAMETER_OUT,this,2,BY_VALUE,0,false,220,this,,,0,ANY
120259084533,METHOD_PARAMETER_OUT,id: number,15,BY_VALUE,1,false,220,id,,,1,__ecma.Number
120259084534,METHOD_PARAMETER_OUT,this,2,BY_VALUE,0,false,251,this,,,0,ANY
120259084535,METHOD_PARAMETER_OUT,findTenantDto: FindTenantDto,18,BY_VALUE,1,false,251,findTenantDto,,,1,ANY
120259084536,METHOD_PARAMETER_OUT,this,0,BY_VALUE,0,false,1,this,,,0,ANY
120259084537,METHOD_PARAMETER_OUT,this,0,BY_VALUE,0,false,1,this,,,0,ANY
120259084538,METHOD_PARAMETER_OUT,this,7,BY_VALUE,0,false,5,this,,,0,ANY
120259084539,METHOD_PARAMETER_OUT,this,0,BY_VALUE,0,false,1,this,,,0,ANY
120259084540,METHOD_PARAMETER_OUT,this,7,BY_VALUE,0,false,5,this,,,0,ANY
120259084541,METHOD_PARAMETER_OUT,this,0,BY_VALUE,0,false,1,this,,,0,ANY
120259084542,METHOD_PARAMETER_OUT,this,7,BY_VALUE,0,false,6,this,,,0,ANY
120259084543,METHOD_PARAMETER_OUT,this,0,BY_VALUE,0,false,1,this,,,0,ANY
120259084544,METHOD_PARAMETER_OUT,this,7,BY_VALUE,0,false,1,this,,,0,ANY
120259084545,METHOD_PARAMETER_OUT,this,0,BY_VALUE,0,false,1,this,,,0,ANY
120259084546,METHOD_PARAMETER_OUT,private readonly userRoleByTenantsRepository: Repository<UserRoleByTenants>,4,BY_VALUE,1,false,20,userRoleByTenantsRepository,,,1,ANY
120259084547,METHOD_PARAMETER_OUT,this,23,BY_VALUE,0,false,22,this,,,0,ANY
120259084548,METHOD_PARAMETER_OUT,private readonly usersService: UsersService,4,BY_VALUE,2,false,23,usersService,,,2,ANY
120259084549,METHOD_PARAMETER_OUT,this,23,BY_VALUE,0,false,25,this,,,0,ANY
120259084550,METHOD_PARAMETER_OUT,private readonly tenantsService: TenantsService,4,BY_VALUE,3,false,26,tenantsService,,,3,ANY
120259084551,METHOD_PARAMETER_OUT,this,23,BY_VALUE,0,false,28,this,,,0,ANY
120259084552,METHOD_PARAMETER_OUT,private readonly rolesService: RolesService,4,BY_VALUE,4,false,29,rolesService,,,4,ANY
120259084553,METHOD_PARAMETER_OUT,this,23,BY_VALUE,0,false,31,this,,,0,ANY
120259084554,METHOD_PARAMETER_OUT,private readonly roleAliasService: RoleAliasesService,4,BY_VALUE,5,false,32,roleAliasService,,,5,ANY
120259084555,METHOD_PARAMETER_OUT,this,2,BY_VALUE,0,false,18,this,,,0,ANY
120259084556,METHOD_PARAMETER_OUT,this,54,BY_VALUE,0,false,76,this,,,0,ANY
120259084557,METHOD_PARAMETER_OUT,tenantType,55,BY_VALUE,1,false,76,tenantType,,,1,ANY
120259084558,METHOD_PARAMETER_OUT,this,2,BY_VALUE,0,false,35,this,,,0,ANY
120259084559,METHOD_PARAMETER_OUT,"{ userId, tenantId, roleId, roleAliasId, enabled }: CreateUserRoleByTenantsDto",15,BY_VALUE,1,false,35,param1_0,,,1,src/shared/context/user-role-by-tenants/user-role-by-tenants.service.ts::program:UserRoleByTenantsService:create:<anon-class>0
120259084560,METHOD_PARAMETER_OUT,this,2,BY_VALUE,0,false,114,this,,,0,ANY
120259084561,METHOD_PARAMETER_OUT,this,2,BY_VALUE,0,false,125,this,,,0,ANY
120259084562,METHOD_PARAMETER_OUT,"{ ids, userIds, tenantIds, roleIds, roleAliasIds, enabled }: FindUserRoleByTenantsDto",19,BY_VALUE,1,false,125,param1_1,,,1,src/shared/context/user-role-by-tenants/user-role-by-tenants.service.ts::program:UserRoleByTenantsService:findByMany:<anon-class>1
120259084563,METHOD_PARAMETER_OUT,this,54,BY_VALUE,0,false,208,this,,,0,ANY
120259084564,METHOD_PARAMETER_OUT,tenantType,55,BY_VALUE,1,false,208,tenantType,,,1,ANY
120259084565,METHOD_PARAMETER_OUT,this,44,BY_VALUE,0,false,243,this,,,0,ANY
120259084566,METHOD_PARAMETER_OUT,existingRole,45,BY_VALUE,1,false,243,existingRole,,,1,ANY
120259084567,METHOD_PARAMETER_OUT,this,2,BY_VALUE,0,false,162,this,,,0,ANY
120259084568,METHOD_PARAMETER_OUT,id: number,15,BY_VALUE,1,false,162,id,,,1,__ecma.Number
120259084569,METHOD_PARAMETER_OUT,"{ userId, tenantId, roleId, roleAliasId, enabled }: UpdateUserRoleByTenantsDto",27,BY_VALUE,2,false,162,param2_0,,,2,src/shared/context/user-role-by-tenants/user-role-by-tenants.service.ts::program:UserRoleByTenantsService:update:<anon-class>2
120259084570,METHOD_PARAMETER_OUT,this,2,BY_VALUE,0,false,260,this,,,0,ANY
120259084571,METHOD_PARAMETER_OUT,id: number,15,BY_VALUE,1,false,260,id,,,1,__ecma.Number
120259084572,METHOD_PARAMETER_OUT,this,0,BY_VALUE,0,false,1,this,,,0,ANY
120259084573,METHOD_PARAMETER_OUT,this,7,BY_VALUE,0,false,6,this,,,0,ANY
120259084574,METHOD_PARAMETER_OUT,this,0,BY_VALUE,0,false,1,this,,,0,ANY
120259084575,METHOD_PARAMETER_OUT,this,7,BY_VALUE,0,false,5,this,,,0,ANY
120259084576,METHOD_PARAMETER_OUT,this,0,BY_VALUE,0,false,1,this,,,0,ANY
120259084577,METHOD_PARAMETER_OUT,this,7,BY_VALUE,0,false,6,this,,,0,ANY
120259084578,METHOD_PARAMETER_OUT,this,0,BY_VALUE,0,false,1,this,,,0,ANY
120259084579,METHOD_PARAMETER_OUT,this,7,BY_VALUE,0,false,3,this,,,0,ANY
120259084580,METHOD_PARAMETER_OUT,this,0,BY_VALUE,0,false,1,this,,,0,ANY
120259084581,METHOD_PARAMETER_OUT,this,0,BY_VALUE,0,false,1,this,,,0,ANY
120259084582,METHOD_PARAMETER_OUT,private readonly userRepository: Repository<User>,4,BY_VALUE,1,false,18,userRepository,,,1,ANY
120259084583,METHOD_PARAMETER_OUT,this,2,BY_VALUE,0,false,16,this,,,0,ANY
120259084584,METHOD_PARAMETER_OUT,private readonly tenantService: TenantsService,4,BY_VALUE,2,false,19,tenantService,,,2,ANY
120259084585,METHOD_PARAMETER_OUT,private readonly emailProvider: EmailProvider,4,BY_VALUE,3,false,20,emailProvider,,,3,ANY
120259084586,METHOD_PARAMETER_OUT,this,79,BY_VALUE,0,false,65,this,,,0,ANY
120259084587,METHOD_PARAMETER_OUT,tenant,79,BY_VALUE,1,false,65,tenant,,,1,ANY
120259084588,METHOD_PARAMETER_OUT,this,2,BY_VALUE,0,false,28,this,,,0,ANY
120259084589,METHOD_PARAMETER_OUT,temporalId: string,30,BY_VALUE,1,false,28,temporalId,,,1,__ecma.String
120259084590,METHOD_PARAMETER_OUT,this,2,BY_VALUE,0,false,90,this,,,0,ANY
120259084591,METHOD_PARAMETER_OUT,temporalId: string,19,BY_VALUE,1,false,90,temporalId,,,1,__ecma.String
120259084592,METHOD_PARAMETER_OUT,this,2,BY_VALUE,0,false,130,this,,,0,ANY
120259084593,METHOD_PARAMETER_OUT,userId: number,28,BY_VALUE,1,false,130,userId,,,1,__ecma.Number
120259084594,METHOD_PARAMETER_OUT,this,2,BY_VALUE,0,false,165,this,,,0,ANY
120259084595,METHOD_PARAMETER_OUT,userId: number,28,BY_VALUE,1,false,165,userId,,,1,__ecma.Number
120259084596,METHOD_PARAMETER_OUT,this,0,BY_VALUE,0,false,1,this,,,0,ANY
120259084597,METHOD_PARAMETER_OUT,private readonly userRepository: Repository<User>,4,BY_VALUE,1,false,34,userRepository,,,1,ANY
120259084598,METHOD_PARAMETER_OUT,private readonly rolesRepository: Repository<Role>,4,BY_VALUE,2,false,36,rolesRepository,,,2,ANY
120259084599,METHOD_PARAMETER_OUT,this,23,BY_VALUE,0,false,38,this,,,0,ANY
120259084600,METHOD_PARAMETER_OUT,private readonly tenantService: TenantsService,4,BY_VALUE,3,false,39,tenantService,,,3,ANY
120259084601,METHOD_PARAMETER_OUT,this,2,BY_VALUE,0,false,32,this,,,0,ANY
120259084602,METHOD_PARAMETER_OUT,private readonly emailProvider: EmailProvider,4,BY_VALUE,4,false,40,emailProvider,,,4,ANY
120259084603,METHOD_PARAMETER_OUT,this,2,BY_VALUE,0,false,46,this,,,0,ANY
120259084604,METHOD_PARAMETER_OUT,createUserDto: CreateUserDto,15,BY_VALUE,1,false,46,createUserDto,,,1,ANY
120259084605,METHOD_PARAMETER_OUT,payload: ContextPayload,45,BY_VALUE,2,false,46,payload,,,2,ANY
120259084606,METHOD_PARAMETER_OUT,this,2,BY_VALUE,0,false,156,this,,,0,ANY
120259084607,METHOD_PARAMETER_OUT,this,2,BY_VALUE,0,false,170,this,,,0,ANY
120259084608,METHOD_PARAMETER_OUT,id: number,16,BY_VALUE,1,false,170,id,,,1,__ecma.Number
120259084609,METHOD_PARAMETER_OUT,this,35,BY_VALUE,0,false,224,this,,,0,ANY
120259084610,METHOD_PARAMETER_OUT,name,36,BY_VALUE,1,false,224,name,,,1,__ecma.String
120259084611,METHOD_PARAMETER_OUT,this,33,BY_VALUE,0,false,230,this,,,0,ANY
120259084612,METHOD_PARAMETER_OUT,name,34,BY_VALUE,1,false,230,name,,,1,__ecma.String
120259084613,METHOD_PARAMETER_OUT,this,27,BY_VALUE,0,false,236,this,,,0,ANY
120259084614,METHOD_PARAMETER_OUT,email,28,BY_VALUE,1,false,236,email,,,1,__ecma.String
120259084615,METHOD_PARAMETER_OUT,this,2,BY_VALUE,0,false,191,this,,,0,ANY
120259084616,METHOD_PARAMETER_OUT,findUserDto: FindUserDto,19,BY_VALUE,1,false,191,findUserDto,,,1,ANY
120259084617,METHOD_PARAMETER_OUT,this,39,BY_VALUE,0,false,390,this,,,0,ANY
120259084618,METHOD_PARAMETER_OUT,foundTenant,40,BY_VALUE,1,false,390,foundTenant,,,1,ANY
120259084619,METHOD_PARAMETER_OUT,this,8,BY_VALUE,0,false,390,this,,,0,ANY
120259084620,METHOD_PARAMETER_OUT,tenant,9,BY_VALUE,1,false,390,tenant,,,1,ANY
120259084621,METHOD_PARAMETER_OUT,this,42,BY_VALUE,0,false,393,this,,,0,ANY
120259084622,METHOD_PARAMETER_OUT,tenantToDelete,43,BY_VALUE,1,false,393,tenantToDelete,,,1,ANY
120259084623,METHOD_PARAMETER_OUT,this,8,BY_VALUE,0,false,393,this,,,0,ANY
120259084624,METHOD_PARAMETER_OUT,tenant,9,BY_VALUE,1,false,393,tenant,,,1,ANY
120259084625,METHOD_PARAMETER_OUT,this,2,BY_VALUE,0,false,303,this,,,0,ANY
120259084626,METHOD_PARAMETER_OUT,id: number,15,BY_VALUE,1,false,303,id,,,1,__ecma.Number
120259084627,METHOD_PARAMETER_OUT,updateUserDto: UpdateUserDto,27,BY_VALUE,2,false,303,updateUserDto,,,2,ANY
120259084628,METHOD_PARAMETER_OUT,payload: ContextPayload,57,BY_VALUE,3,false,303,payload,,,3,ANY
120259084629,METHOD_PARAMETER_OUT,this,2,BY_VALUE,0,false,443,this,,,0,ANY
120259084630,METHOD_PARAMETER_OUT,id: number,15,BY_VALUE,1,false,443,id,,,1,__ecma.Number
120259084631,METHOD_PARAMETER_OUT,payload: ContextPayload,27,BY_VALUE,2,false,443,payload,,,2,ANY
120259084632,METHOD_PARAMETER_OUT,this,27,BY_VALUE,0,false,483,this,,,0,ANY
120259084633,METHOD_PARAMETER_OUT,roleAccessToRecordField,28,BY_VALUE,1,false,483,roleAccessToRecordField,,,1,ANY
120259084634,METHOD_PARAMETER_OUT,this,75,BY_VALUE,0,false,484,this,,,0,ANY
120259084635,METHOD_PARAMETER_OUT,r,76,BY_VALUE,1,false,484,r,,,1,ANY
120259084636,METHOD_PARAMETER_OUT,this,37,BY_VALUE,0,false,484,this,,,0,ANY
120259084637,METHOD_PARAMETER_OUT,role,38,BY_VALUE,1,false,484,role,,,1,ANY
120259084638,METHOD_PARAMETER_OUT,index,44,BY_VALUE,2,false,484,index,,,2,ANY
120259084639,METHOD_PARAMETER_OUT,self,51,BY_VALUE,3,false,484,self,,,3,ANY
120259084640,METHOD_PARAMETER_OUT,this,27,BY_VALUE,0,false,486,this,,,0,ANY
120259084641,METHOD_PARAMETER_OUT,role,28,BY_VALUE,1,false,486,role,,,1,ANY
120259084642,METHOD_PARAMETER_OUT,this,2,BY_VALUE,0,false,472,this,,,0,ANY
120259084643,METHOD_PARAMETER_OUT,recordTypeIds: number[],31,BY_VALUE,1,false,472,recordTypeIds,,,1,__ecma.Array
120259084644,METHOD_PARAMETER_OUT,this,79,BY_VALUE,0,false,516,this,,,0,ANY
120259084645,METHOD_PARAMETER_OUT,tenant,80,BY_VALUE,1,false,516,tenant,,,1,ANY
120259084646,METHOD_PARAMETER_OUT,this,2,BY_VALUE,0,false,489,this,,,0,ANY
120259084647,METHOD_PARAMETER_OUT,temporalId: string,27,BY_VALUE,1,false,489,temporalId,,,1,__ecma.String
120259084648,METHOD_PARAMETER_OUT,this,2,BY_VALUE,0,false,525,this,,,0,ANY
120259084649,METHOD_PARAMETER_OUT,userId: number,28,BY_VALUE,1,false,525,userId,,,1,__ecma.Number
120259084650,METHOD_PARAMETER_OUT,this,2,BY_VALUE,0,false,539,this,,,0,ANY
120259084651,METHOD_PARAMETER_OUT,userId: number,28,BY_VALUE,1,false,539,userId,,,1,__ecma.Number
120259084652,METHOD_PARAMETER_OUT,this,0,BY_VALUE,0,false,1,this,,,0,ANY
120259084653,METHOD_PARAMETER_OUT,this,0,BY_VALUE,0,false,1,this,,,0,ANY
120259084654,METHOD_PARAMETER_OUT,this,7,BY_VALUE,0,false,12,this,,,0,ANY
120259084655,METHOD_PARAMETER_OUT,this,0,BY_VALUE,0,false,1,this,,,0,ANY
120259084656,METHOD_PARAMETER_OUT,this,2,BY_VALUE,0,false,6,this,,,0,ANY
120259084657,METHOD_PARAMETER_OUT,method: 'POST' | 'GET' | 'PATCH' | 'PUT' | 'DELETE',14,BY_VALUE,1,false,6,method,,,1,ANY
120259084658,METHOD_PARAMETER_OUT,headers?: object,67,BY_VALUE,2,false,6,headers,,,2,__ecma.Object
120259084659,METHOD_PARAMETER_OUT,body?: string,85,BY_VALUE,3,false,6,body,,,3,__ecma.String
120259084660,METHOD_PARAMETER_OUT,this,0,BY_VALUE,0,false,1,this,,,0,ANY
120259084661,METHOD_PARAMETER_OUT,this,0,BY_VALUE,0,false,1,this,,,0,ANY
120259084662,METHOD_PARAMETER_OUT,this,0,BY_VALUE,0,false,1,this,,,0,ANY
120259084663,METHOD_PARAMETER_OUT,this,0,BY_VALUE,0,false,1,this,,,0,ANY
120259084664,METHOD_PARAMETER_OUT,this,0,BY_VALUE,0,false,1,this,,,0,ANY
120259084665,METHOD_PARAMETER_OUT,this,0,BY_VALUE,0,false,1,this,,,0,ANY
120259084666,METHOD_PARAMETER_OUT,this,17,BY_VALUE,0,false,15,this,,,0,ANY
120259084667,METHOD_PARAMETER_OUT,req: Request,18,BY_VALUE,1,false,15,req,,,1,ANY
120259084668,METHOD_PARAMETER_OUT,this,11,BY_VALUE,0,false,21,this,,,0,ANY
120259084669,METHOD_PARAMETER_OUT,this,11,BY_VALUE,0,false,24,this,,,0,ANY
120259084670,METHOD_PARAMETER_OUT,this,0,BY_VALUE,0,false,1,this,,,0,ANY
120259084671,METHOD_PARAMETER_OUT,this,2,BY_VALUE,0,false,11,this,,,0,ANY
120259084672,METHOD_PARAMETER_OUT,this,2,BY_VALUE,0,false,16,this,,,0,ANY
120259084673,METHOD_PARAMETER_OUT,params: SendEmailRequest,18,BY_VALUE,1,false,16,params,,,1,ANY
120259084674,METHOD_PARAMETER_OUT,this,2,BY_VALUE,0,false,26,this,,,0,ANY
120259084675,METHOD_PARAMETER_OUT,from: string,4,BY_VALUE,1,false,27,from,,,1,__ecma.String
120259084676,METHOD_PARAMETER_OUT,to: string,4,BY_VALUE,2,false,28,to,,,2,__ecma.String
120259084677,METHOD_PARAMETER_OUT,templateName: string,4,BY_VALUE,3,false,29,templateName,,,3,__ecma.String
120259084678,METHOD_PARAMETER_OUT,"templateData: Record<string, string>",4,BY_VALUE,4,false,30,templateData,,,4,ANY
120259084679,METHOD_PARAMETER_OUT,this,0,BY_VALUE,0,false,1,this,,,0,ANY
120259084680,METHOD_PARAMETER_OUT,this,40,BY_VALUE,0,false,3,this,,,0,ANY
120259084681,METHOD_PARAMETER_OUT,dateNow,41,BY_VALUE,1,false,3,dateNow,,,1,ANY
120259084682,METHOD_PARAMETER_OUT,userName,50,BY_VALUE,2,false,3,userName,,,2,ANY
120259084683,METHOD_PARAMETER_OUT,this,0,BY_VALUE,0,false,1,this,,,0,ANY
120259084684,METHOD_PARAMETER_OUT,this,42,BY_VALUE,0,false,3,this,,,0,ANY
120259084685,METHOD_PARAMETER_OUT,userName,43,BY_VALUE,1,false,3,userName,,,1,ANY
120259084686,METHOD_PARAMETER_OUT,this,0,BY_VALUE,0,false,1,this,,,0,ANY
120259084687,METHOD_PARAMETER_OUT,this,44,BY_VALUE,0,false,3,this,,,0,ANY
120259084688,METHOD_PARAMETER_OUT,userId: string,45,BY_VALUE,1,false,3,userId,,,1,__ecma.String
120259084689,METHOD_PARAMETER_OUT,tenantName: string,61,BY_VALUE,2,false,3,tenantName,,,2,__ecma.String
120259084690,METHOD_PARAMETER_OUT,this,0,BY_VALUE,0,false,1,this,,,0,ANY
120259084691,METHOD_PARAMETER_OUT,this,7,BY_VALUE,0,false,29,this,,,0,ANY
120259084692,METHOD_PARAMETER_OUT,this,0,BY_VALUE,0,false,1,this,,,0,ANY
120259084693,METHOD_PARAMETER_OUT,this,0,BY_VALUE,0,false,1,this,,,0,ANY
120259084694,METHOD_PARAMETER_OUT,this,0,BY_VALUE,0,false,7,this,,,0,ANY
120259084695,METHOD_PARAMETER_OUT,this,2,BY_VALUE,0,false,9,this,,,0,ANY
120259084696,METHOD_PARAMETER_OUT,req: Request,6,BY_VALUE,1,false,9,req,,,1,ANY
120259084697,METHOD_PARAMETER_OUT,res: Response,20,BY_VALUE,2,false,9,res,,,2,ANY
120259084698,METHOD_PARAMETER_OUT,next: NextFunction,35,BY_VALUE,3,false,9,next,,,3,ANY
120259084699,METHOD_PARAMETER_OUT,this,0,BY_VALUE,0,false,1,this,,,0,ANY
120259084700,METHOD_PARAMETER_OUT,this,30,BY_VALUE,0,false,5,this,,,0,ANY
120259084701,METHOD_PARAMETER_OUT,val: string | undefined,31,BY_VALUE,1,false,5,val,,,1,ANY
120259084702,METHOD_PARAMETER_OUT,this,31,BY_VALUE,0,false,25,this,,,0,ANY
120259084703,METHOD_PARAMETER_OUT,date: Date,32,BY_VALUE,1,false,25,date,,,1,ANY
120259084704,METHOD_PARAMETER_OUT,this,29,BY_VALUE,0,false,35,this,,,0,ANY
120259084705,METHOD_PARAMETER_OUT,date: Date,30,BY_VALUE,1,false,35,date,,,1,ANY
120259084706,METHOD_PARAMETER_OUT,this,24,BY_VALUE,0,false,42,this,,,0,ANY
120259084707,METHOD_PARAMETER_OUT,str: string,25,BY_VALUE,1,false,42,str,,,1,__ecma.String
120259084708,METHOD_PARAMETER_OUT,this,37,BY_VALUE,0,false,54,this,,,0,ANY
120259084709,METHOD_PARAMETER_OUT,"[first, ...rest]: string",38,BY_VALUE,1,false,54,param1_0,,,1,__ecma.String
120259084710,METHOD_PARAMETER_OUT,this,9,BY_VALUE,0,false,59,this,,,0,ANY
120259084711,METHOD_PARAMETER_OUT,word,10,BY_VALUE,1,false,59,word,,,1,__ecma.String
120259084712,METHOD_PARAMETER_OUT,this,34,BY_VALUE,0,false,56,this,,,0,ANY
120259084713,METHOD_PARAMETER_OUT,words: string,35,BY_VALUE,1,false,56,words,,,1,__ecma.String
120259084714,METHOD_PARAMETER_OUT,this,27,BY_VALUE,0,false,62,this,,,0,ANY
120259084715,METHOD_PARAMETER_OUT,text: string,28,BY_VALUE,1,false,62,text,,,1,__ecma.String
120259084716,METHOD_PARAMETER_OUT,this,32,BY_VALUE,0,false,67,this,,,0,ANY
120259084717,METHOD_PARAMETER_OUT,text: string,33,BY_VALUE,1,false,67,text,,,1,__ecma.String
120259084718,METHOD_PARAMETER_OUT,this,34,BY_VALUE,0,false,71,this,,,0,ANY
120259084719,METHOD_PARAMETER_OUT,app: string,35,BY_VALUE,1,false,71,app,,,1,__ecma.String
120259084720,METHOD_PARAMETER_OUT,this,10,BY_VALUE,0,false,85,this,,,0,ANY
120259084721,METHOD_PARAMETER_OUT,response,11,BY_VALUE,1,false,85,response,,,1,ANY
120259084722,METHOD_PARAMETER_OUT,this,11,BY_VALUE,0,false,86,this,,,0,ANY
120259084723,METHOD_PARAMETER_OUT,err,12,BY_VALUE,1,false,86,err,,,1,ANY
120259084724,METHOD_PARAMETER_OUT,this,28,BY_VALUE,0,false,76,this,,,0,ANY
120259084725,METHOD_PARAMETER_OUT,args: any,35,BY_VALUE,1,false,76,args,,,1,ANY
120259084726,METHOD_PARAMETER_OUT,url: string,46,BY_VALUE,2,false,76,url,,,2,__ecma.String
120259084727,METHOD_PARAMETER_OUT,this,35,BY_VALUE,0,false,92,this,,,0,ANY
120259084728,METHOD_PARAMETER_OUT,configUrl: string,36,BY_VALUE,1,false,92,configUrl,,,1,__ecma.String
120259084729,METHOD_PARAMETER_OUT,type?: string,55,BY_VALUE,2,false,92,type,,,2,__ecma.String
120259084730,METHOD_PARAMETER_OUT,this,29,BY_VALUE,0,false,102,this,,,0,ANY
120259084731,METHOD_PARAMETER_OUT,this,28,BY_VALUE,0,false,106,this,,,0,ANY
120259084732,METHOD_PARAMETER_OUT,this,28,BY_VALUE,0,false,110,this,,,0,ANY
120259084733,METHOD_PARAMETER_OUT,this,26,BY_VALUE,0,false,114,this,,,0,ANY
120259084734,METHOD_PARAMETER_OUT,this,32,BY_VALUE,0,false,118,this,,,0,ANY
120259084735,METHOD_PARAMETER_OUT,this,31,BY_VALUE,0,false,122,this,,,0,ANY
120259084736,METHOD_PARAMETER_OUT,this,34,BY_VALUE,0,false,126,this,,,0,ANY
120259084737,METHOD_PARAMETER_OUT,this,28,BY_VALUE,0,false,130,this,,,0,ANY
120259084738,METHOD_PARAMETER_OUT,this,35,BY_VALUE,0,false,134,this,,,0,ANY
120259084739,METHOD_PARAMETER_OUT,this,10,BY_VALUE,0,false,140,this,,,0,ANY
120259084740,METHOD_PARAMETER_OUT,response,11,BY_VALUE,1,false,140,response,,,1,ANY
120259084741,METHOD_PARAMETER_OUT,this,11,BY_VALUE,0,false,141,this,,,0,ANY
120259084742,METHOD_PARAMETER_OUT,err,12,BY_VALUE,1,false,141,err,,,1,ANY
120259084743,METHOD_PARAMETER_OUT,this,27,BY_VALUE,0,false,138,this,,,0,ANY
120259084744,METHOD_PARAMETER_OUT,url: string,34,BY_VALUE,1,false,138,url,,,1,__ecma.String
120259084745,METHOD_PARAMETER_OUT,options: object,47,BY_VALUE,2,false,138,options,,,2,__ecma.Object
120259084746,METHOD_PARAMETER_OUT,logger: Logger,64,BY_VALUE,3,false,138,logger,,,3,ANY
120259084747,METHOD_PARAMETER_OUT,this,32,BY_VALUE,0,false,176,this,,,0,ANY
120259084748,METHOD_PARAMETER_OUT,user: User,39,BY_VALUE,1,false,176,user,,,1,ANY
120259084749,METHOD_PARAMETER_OUT,tenant: Tenant,51,BY_VALUE,2,false,176,tenant,,,2,ANY
120259084750,METHOD_PARAMETER_OUT,emailProvider: EmailProvider,67,BY_VALUE,3,false,176,emailProvider,,,3,ANY
120259084751,METHOD_PARAMETER_OUT,this,42,BY_VALUE,0,false,198,this,,,0,ANY
120259084752,METHOD_PARAMETER_OUT,user: User,49,BY_VALUE,1,false,198,user,,,1,ANY
120259084753,METHOD_PARAMETER_OUT,emailProvider: EmailProvider,61,BY_VALUE,2,false,198,emailProvider,,,2,ANY
120259084754,METHOD_PARAMETER_OUT,this,42,BY_VALUE,0,false,230,this,,,0,ANY
120259084755,METHOD_PARAMETER_OUT,user: User,49,BY_VALUE,1,false,230,user,,,1,ANY
120259084756,METHOD_PARAMETER_OUT,emailProvider: EmailProvider,61,BY_VALUE,2,false,230,emailProvider,,,2,ANY
120259084757,METHOD_PARAMETER_OUT,this,0,BY_VALUE,0,false,1,this,,,0,ANY
120259084758,METHOD_PARAMETER_OUT,p1,,BY_VALUE,1,false,,p1,,,1,ANY
120259084759,METHOD_PARAMETER_OUT,p2,,BY_VALUE,2,false,,p2,,,2,ANY
120259084760,METHOD_PARAMETER_OUT,p1,,BY_VALUE,1,false,,p1,,,1,ANY
120259084761,METHOD_PARAMETER_OUT,p2,,BY_VALUE,2,false,,p2,,,2,ANY
120259084762,METHOD_PARAMETER_OUT,p0,,BY_VALUE,0,false,,p0,,,0,ANY
120259084763,METHOD_PARAMETER_OUT,p0,,BY_VALUE,0,false,,p0,,,0,ANY
120259084764,METHOD_PARAMETER_OUT,p1,,BY_VALUE,1,false,,p1,,,1,ANY
120259084765,METHOD_PARAMETER_OUT,p2,,BY_VALUE,2,false,,p2,,,2,ANY
120259084766,METHOD_PARAMETER_OUT,p3,,BY_VALUE,3,false,,p3,,,3,ANY
120259084767,METHOD_PARAMETER_OUT,p4,,BY_VALUE,4,false,,p4,,,4,ANY
120259084768,METHOD_PARAMETER_OUT,p5,,BY_VALUE,5,false,,p5,,,5,ANY
120259084769,METHOD_PARAMETER_OUT,p6,,BY_VALUE,6,false,,p6,,,6,ANY
120259084770,METHOD_PARAMETER_OUT,p7,,BY_VALUE,7,false,,p7,,,7,ANY
120259084771,METHOD_PARAMETER_OUT,p8,,BY_VALUE,8,false,,p8,,,8,ANY
120259084772,METHOD_PARAMETER_OUT,p9,,BY_VALUE,9,false,,p9,,,9,ANY
120259084773,METHOD_PARAMETER_OUT,p10,,BY_VALUE,10,false,,p10,,,10,ANY
120259084774,METHOD_PARAMETER_OUT,p11,,BY_VALUE,11,false,,p11,,,11,ANY
120259084775,METHOD_PARAMETER_OUT,p1,,BY_VALUE,1,false,,p1,,,1,ANY
120259084776,METHOD_PARAMETER_OUT,p1,,BY_VALUE,1,false,,p1,,,1,ANY
120259084777,METHOD_PARAMETER_OUT,p1,,BY_VALUE,1,false,,p1,,,1,ANY
120259084778,METHOD_PARAMETER_OUT,p2,,BY_VALUE,2,false,,p2,,,2,ANY
120259084779,METHOD_PARAMETER_OUT,p3,,BY_VALUE,3,false,,p3,,,3,ANY
120259084780,METHOD_PARAMETER_OUT,p1,,BY_VALUE,1,false,,p1,,,1,ANY
120259084781,METHOD_PARAMETER_OUT,p2,,BY_VALUE,2,false,,p2,,,2,ANY
120259084782,METHOD_PARAMETER_OUT,p1,,BY_VALUE,1,false,,p1,,,1,ANY
120259084783,METHOD_PARAMETER_OUT,p2,,BY_VALUE,2,false,,p2,,,2,ANY
120259084784,METHOD_PARAMETER_OUT,p1,,BY_VALUE,1,false,,p1,,,1,ANY
120259084785,METHOD_PARAMETER_OUT,p1,,BY_VALUE,1,false,,p1,,,1,ANY
120259084786,METHOD_PARAMETER_OUT,p2,,BY_VALUE,2,false,,p2,,,2,ANY
120259084787,METHOD_PARAMETER_OUT,p1,,BY_VALUE,1,false,,p1,,,1,ANY
120259084788,METHOD_PARAMETER_OUT,p1,,BY_VALUE,1,false,,p1,,,1,ANY
120259084789,METHOD_PARAMETER_OUT,p1,,BY_VALUE,1,false,,p1,,,1,ANY
120259084790,METHOD_PARAMETER_OUT,p1,,BY_VALUE,1,false,,p1,,,1,ANY
120259084791,METHOD_PARAMETER_OUT,p2,,BY_VALUE,2,false,,p2,,,2,ANY
120259084792,METHOD_PARAMETER_OUT,p1,,BY_VALUE,1,false,,p1,,,1,ANY
120259084793,METHOD_PARAMETER_OUT,p2,,BY_VALUE,2,false,,p2,,,2,ANY
120259084794,METHOD_PARAMETER_OUT,p1,,BY_VALUE,1,false,,p1,,,1,ANY
120259084795,METHOD_PARAMETER_OUT,p2,,BY_VALUE,2,false,,p2,,,2,ANY
120259084796,METHOD_PARAMETER_OUT,p1,,BY_VALUE,1,false,,p1,,,1,ANY
120259084797,METHOD_PARAMETER_OUT,p2,,BY_VALUE,2,false,,p2,,,2,ANY
120259084798,METHOD_PARAMETER_OUT,p1,,BY_VALUE,1,false,,p1,,,1,ANY
120259084799,METHOD_PARAMETER_OUT,p2,,BY_VALUE,2,false,,p2,,,2,ANY
120259084800,METHOD_PARAMETER_OUT,p1,,BY_VALUE,1,false,,p1,,,1,ANY
120259084801,METHOD_PARAMETER_OUT,p2,,BY_VALUE,2,false,,p2,,,2,ANY
120259084802,METHOD_PARAMETER_OUT,p1,,BY_VALUE,1,false,,p1,,,1,ANY
120259084803,METHOD_PARAMETER_OUT,p1,,BY_VALUE,1,false,,p1,,,1,ANY
120259084804,METHOD_PARAMETER_OUT,p1,,BY_VALUE,1,false,,p1,,,1,ANY
120259084805,METHOD_PARAMETER_OUT,p2,,BY_VALUE,2,false,,p2,,,2,ANY
120259084806,METHOD_PARAMETER_OUT,p1,,BY_VALUE,1,false,,p1,,,1,ANY
120259084807,METHOD_PARAMETER_OUT,p2,,BY_VALUE,2,false,,p2,,,2,ANY
120259084808,METHOD_PARAMETER_OUT,p1,,BY_VALUE,1,false,,p1,,,1,ANY
120259084809,METHOD_PARAMETER_OUT,p1,,BY_VALUE,1,false,,p1,,,1,ANY
120259084810,METHOD_PARAMETER_OUT,p1,,BY_VALUE,1,false,,p1,,,1,ANY
120259084811,METHOD_PARAMETER_OUT,p1,,BY_VALUE,1,false,,p1,,,1,ANY
120259084812,METHOD_PARAMETER_OUT,p2,,BY_VALUE,2,false,,p2,,,2,ANY
120259084813,METHOD_PARAMETER_OUT,p1,,BY_VALUE,1,false,,p1,,,1,ANY
120259084814,METHOD_PARAMETER_OUT,p1,,BY_VALUE,1,false,,p1,,,1,ANY
120259084815,METHOD_PARAMETER_OUT,p1,,BY_VALUE,1,false,,p1,,,1,ANY
120259084816,METHOD_PARAMETER_OUT,p1,,BY_VALUE,1,false,,p1,,,1,ANY
120259084817,METHOD_PARAMETER_OUT,p2,,BY_VALUE,2,false,,p2,,,2,ANY
