128849018880,METHOD_RETURN,RET,0,,BY_VALUE,1,,,4,,ANY
128849018881,METHOD_RETURN,RET,2,src/app:controller:ts::program:AppController:<init>;AppController,BY_VALUE,7,,,5,AppController,ANY
128849018882,METHOD_RETURN,RET,2,src/app:service:ts::program:AppService:getHello:<returnValue>;{ message: __ecma.String; };AppService:getHello:<returnValue>;src/app.service.ts::program:AppService:getHello:<returnValue>,BY_VALUE,9,,,5,{ message: __ecma.String; },{ message: __ecma.String; }
128849018883,METHOD_RETURN,RET,0,,BY_VALUE,1,,,4,,ANY
128849018884,METHOD_RETURN,RET,0,src/app:module:ts::program:AppModule:<init>;AppModule,BY_VALUE,15,,,4,AppModule,ANY
128849018885,METHOD_RETURN,RET,2,,BY_VALUE,29,,,5,(consumer: MiddlewareConsumer) => ANY,(consumer: MiddlewareConsumer) => ANY
128849018886,METHOD_RETURN,RET,0,,BY_VALUE,1,,,4,,ANY
128849018887,METHOD_RETURN,RET,0,src/app:service:ts::program:AppService:<init>;AppService,BY_VALUE,3,,,4,AppService,ANY
128849018888,METHOD_RETURN,RET,2,() => { message: __ecma.String; },BY_VALUE,7,,,4,() => { message: __ecma.String; },() => { message: __ecma.String; }
128849018889,METHOD_RETURN,RET,0,,BY_VALUE,1,,,4,,ANY
128849018890,METHOD_RETURN,RET,2,src/context/role-aliases/role-aliases:controller:ts::program:RoleAliasesController:<init>;RoleAliasesController,BY_VALUE,11,,,5,RoleAliasesController,ANY
128849018891,METHOD_RETURN,RET,2,Promise<any>,BY_VALUE,14,,,6,Promise<any>,Promise<any>
128849018892,METHOD_RETURN,RET,2,src/shared/context/role-aliases/domain/role-aliases.service.ts::program:RoleAliasesService:findAll:<returnValue>;RoleAliasesService:findAll:<returnValue>;src/shared/context/role-aliases/domain/role-aliases:service:ts::program:RoleAliasesService:findAll:<returnValue>;Promise<RoleAlias[]>,BY_VALUE,23,,,5,Promise<RoleAlias[]>,Promise<RoleAlias[]>
128849018893,METHOD_RETURN,RET,2,Promise<RoleAlias>;__ecma.Array,BY_VALUE,29,,,6,Promise<RoleAlias>,ANY
128849018894,METHOD_RETURN,RET,2,Promise<RoleAlias[]>;__ecma.Array,BY_VALUE,36,,,6,Promise<RoleAlias[]>,ANY
128849018895,METHOD_RETURN,RET,2,Promise<any>;__ecma.Array,BY_VALUE,44,,,7,Promise<any>,ANY
128849018896,METHOD_RETURN,RET,2,Promise<any>;__ecma.Array,BY_VALUE,52,,,6,Promise<any>,ANY
128849018897,METHOD_RETURN,RET,0,,BY_VALUE,1,,,4,,ANY
128849018898,METHOD_RETURN,RET,0,src/context/role-aliases/role-aliases:module:ts::program:RoleAliasesModule:<init>;RoleAliasesModule,BY_VALUE,9,,,4,RoleAliasesModule,ANY
128849018899,METHOD_RETURN,RET,0,,BY_VALUE,1,,,4,,ANY
128849018900,METHOD_RETURN,RET,2,src/context/roles/roles:controller:ts::program:RolesController:<init>;RolesController,BY_VALUE,11,,,5,RolesController,ANY
128849018901,METHOD_RETURN,RET,2,Promise<any>,BY_VALUE,14,,,6,Promise<any>,Promise<any>
128849018902,METHOD_RETURN,RET,2,src/shared/context/roles/domain/roles.service.ts::program:RolesService:findAll:<returnValue>;src/shared/context/roles/domain/roles:service:ts::program:RolesService:findAll:<returnValue>;RolesService:findAll:<returnValue>;Promise<Role[]>,BY_VALUE,22,,,5,Promise<Role[]>,Promise<Role[]>
128849018903,METHOD_RETURN,RET,2,Promise<Role[]>;__ecma.Array,BY_VALUE,28,,,6,Promise<Role[]>,ANY
128849018904,METHOD_RETURN,RET,2,Promise<any>,BY_VALUE,35,,,6,Promise<any>,Promise<any>
128849018905,METHOD_RETURN,RET,2,Promise<any>,BY_VALUE,43,,,7,Promise<any>,Promise<any>
128849018906,METHOD_RETURN,RET,2,Promise<any>,BY_VALUE,51,,,6,Promise<any>,Promise<any>
128849018907,METHOD_RETURN,RET,0,,BY_VALUE,1,,,4,,ANY
128849018908,METHOD_RETURN,RET,0,src/context/roles/roles:module:ts::program:RolesModule:<init>;RolesModule,BY_VALUE,8,,,4,RolesModule,ANY
128849018909,METHOD_RETURN,RET,0,,BY_VALUE,1,,,4,,ANY
128849018910,METHOD_RETURN,RET,2,src/context/tenant-role-aliases/tenant-role-aliases:controller:ts::program:TenantRoleAliasesController:<init>;TenantRoleAliasesController,BY_VALUE,12,,,5,TenantRoleAliasesController,ANY
128849018911,METHOD_RETURN,RET,2,Promise<any>;__ecma.Array,BY_VALUE,15,,,6,Promise<any>,ANY
128849018912,METHOD_RETURN,RET,2,Promise<any>;__ecma.Array,BY_VALUE,23,,,5,Promise<any>,ANY
128849018913,METHOD_RETURN,RET,2,Promise<any>;__ecma.Array,BY_VALUE,30,,,6,Promise<any>,ANY
128849018914,METHOD_RETURN,RET,2,Promise<TenantRoleAliases[]>;__ecma.Array,BY_VALUE,36,,,6,Promise<TenantRoleAliases[]>,ANY
128849018915,METHOD_RETURN,RET,2,Promise<any>;__ecma.Array,BY_VALUE,43,,,6,Promise<any>,ANY
128849018916,METHOD_RETURN,RET,2,Promise<any>;__ecma.Array,BY_VALUE,51,,,7,Promise<any>,ANY
128849018917,METHOD_RETURN,RET,2,Promise<any>;__ecma.Array,BY_VALUE,59,,,6,Promise<any>,ANY
128849018918,METHOD_RETURN,RET,0,,BY_VALUE,1,,,4,,ANY
128849018919,METHOD_RETURN,RET,0,src/context/tenant-role-aliases/tenant-role-aliases:module:ts::program:TenantRoleAliasModule:<init>;TenantRoleAliasModule,BY_VALUE,8,,,4,TenantRoleAliasModule,ANY
128849018920,METHOD_RETURN,RET,0,,BY_VALUE,1,,,4,,ANY
128849018921,METHOD_RETURN,RET,2,src/context/tenants/tenants:controller:ts::program:TenantsController:<init>;TenantsController,BY_VALUE,11,,,5,TenantsController,ANY
128849018922,METHOD_RETURN,RET,2,Promise<any>,BY_VALUE,14,,,6,Promise<any>,Promise<any>
128849018923,METHOD_RETURN,RET,2,src/shared/context/tenants/domain/tenants:service:ts::program:TenantsService:findAll:<returnValue>;Promise<Tenant[]>;TenantsService:findAll:<returnValue>;src/shared/context/tenants/domain/tenants.service.ts::program:TenantsService:findAll:<returnValue>,BY_VALUE,28,,,5,Promise<Tenant[]>,Promise<Tenant[]>
128849018924,METHOD_RETURN,RET,2,Promise<Tenant[]>;__ecma.Array,BY_VALUE,34,,,6,Promise<Tenant[]>,ANY
128849018925,METHOD_RETURN,RET,2,Promise<Tenant>;Tenant,BY_VALUE,41,,,6,Promise<Tenant>,ANY
128849018926,METHOD_RETURN,RET,2,Promise<any>;Tenant,BY_VALUE,49,,,7,Promise<any>,ANY
128849018927,METHOD_RETURN,RET,2,Promise<any>;Tenant,BY_VALUE,62,,,6,Promise<any>,ANY
128849018928,METHOD_RETURN,RET,0,,BY_VALUE,1,,,4,,ANY
128849018929,METHOD_RETURN,RET,0,src/context/tenants/tenants:module:ts::program:TenantsModule:<init>;TenantsModule,BY_VALUE,8,,,4,TenantsModule,ANY
128849018930,METHOD_RETURN,RET,0,,BY_VALUE,1,,,4,,ANY
128849018931,METHOD_RETURN,RET,2,src/context/user-role-by-tenants/user-role-by-tenants:controller:ts::program:UserRoleByTenantsController:<init>;UserRoleByTenantsController,BY_VALUE,10,,,5,UserRoleByTenantsController,ANY
128849018932,METHOD_RETURN,RET,2,Promise<any>,BY_VALUE,13,,,6,Promise<any>,Promise<any>
128849018933,METHOD_RETURN,RET,2,Promise<any>;UserRoleByTenantsService:findAll:<returnValue>;src/shared/context/user-role-by-tenants/user-role-by-tenants.service.ts::program:UserRoleByTenantsService:findAll:<returnValue>;src/shared/context/user-role-by-tenants/user-role-by-tenants:service:ts::program:UserRoleByTenantsService:findAll:<returnValue>,BY_VALUE,21,,,5,Promise<any>,Promise<any>
128849018934,METHOD_RETURN,RET,2,Promise<any>,BY_VALUE,27,,,6,Promise<any>,Promise<any>
128849018935,METHOD_RETURN,RET,2,Promise<any>,BY_VALUE,35,,,7,Promise<any>,Promise<any>
128849018936,METHOD_RETURN,RET,2,Promise<any>,BY_VALUE,43,,,6,Promise<any>,Promise<any>
128849018937,METHOD_RETURN,RET,0,,BY_VALUE,1,,,4,,ANY
128849018938,METHOD_RETURN,RET,0,src/context/user-role-by-tenants/user-role-by-tenants:module:ts::program:UserRoleByTenantsModule:<init>;UserRoleByTenantsModule,BY_VALUE,14,,,4,UserRoleByTenantsModule,ANY
128849018939,METHOD_RETURN,RET,0,,BY_VALUE,1,,,4,,ANY
128849018940,METHOD_RETURN,RET,2,src/context/users/users:controller:ts::program:UsersController:<init>;UsersController,BY_VALUE,12,,,5,UsersController,ANY
128849018941,METHOD_RETURN,RET,2,Promise<any>,BY_VALUE,15,,,7,Promise<any>,Promise<any>
128849018942,METHOD_RETURN,RET,2,src/shared/context/users/domain/users.service.ts::program:UsersService:findAll:<returnValue>;src/shared/context/users/domain/users:service:ts::program:UsersService:findAll:<returnValue>;Promise<User[]>;UsersService:findAll:<returnValue>,BY_VALUE,26,,,5,Promise<User[]>,Promise<User[]>
128849018943,METHOD_RETURN,RET,2,src/shared/context/users/domain/users.service.ts::program:UsersService:findByMany:<returnValue>;UsersService:findByMany:<returnValue>;Promise<User[]>;src/shared/context/users/domain/users:service:ts::program:UsersService:findByMany:<returnValue>,BY_VALUE,32,,,6,Promise<User[]>,Promise<User[]>
128849018944,METHOD_RETURN,RET,2,Promise<User>;User,BY_VALUE,38,,,6,Promise<User>,ANY
128849018945,METHOD_RETURN,RET,2,Promise<any>;User,BY_VALUE,46,,,8,Promise<any>,ANY
128849018946,METHOD_RETURN,RET,2,Promise<any>;User,BY_VALUE,56,,,6,Promise<any>,ANY
128849018947,METHOD_RETURN,RET,2,Promise<void>;src/shared/context/users/domain/users:service:ts::program:UsersService:sendMfaAttemptEmail:<returnValue>;src/shared/context/users/domain/users.service.ts::program:UsersService:sendMfaAttemptEmail:<returnValue>;UsersService:sendMfaAttemptEmail:<returnValue>,BY_VALUE,64,,,6,Promise<void>,Promise<void>
128849018948,METHOD_RETURN,RET,2,Promise<void>;src/shared/context/users/domain/users.service.ts::program:UsersService:sendMfaSuccessEmail:<returnValue>;src/shared/context/users/domain/users:service:ts::program:UsersService:sendMfaSuccessEmail:<returnValue>;UsersService:sendMfaSuccessEmail:<returnValue>,BY_VALUE,69,,,6,Promise<void>,Promise<void>
128849018949,METHOD_RETURN,RET,2,Promise<any>;User,BY_VALUE,74,,,7,Promise<any>,ANY
128849018950,METHOD_RETURN,RET,0,,BY_VALUE,1,,,4,,ANY
128849018951,METHOD_RETURN,RET,0,src/context/users/users:module:ts::program:UsersModule:<init>;UsersModule,BY_VALUE,10,,,4,UsersModule,ANY
128849018952,METHOD_RETURN,RET,0,,BY_VALUE,1,,,4,,ANY
128849018953,METHOD_RETURN,RET,30,void;__whatwg.console:log:<returnValue>,BY_VALUE,27,,,5,void,void
128849018954,METHOD_RETURN,RET,0,,BY_VALUE,10,,,4,Promise<void>,Promise<void>
128849018955,METHOD_RETURN,RET,0,,BY_VALUE,1,,,4,,ANY
128849018956,METHOD_RETURN,RET,7,,BY_VALUE,5,,,4,ANY,ANY
128849018957,METHOD_RETURN,RET,0,,BY_VALUE,1,,,4,,ANY
128849018958,METHOD_RETURN,RET,7,,BY_VALUE,5,,,4,ANY,ANY
128849018959,METHOD_RETURN,RET,0,,BY_VALUE,1,,,4,,ANY
128849018960,METHOD_RETURN,RET,7,,BY_VALUE,3,,,4,ANY,ANY
128849018961,METHOD_RETURN,RET,0,,BY_VALUE,1,,,4,,ANY
128849018962,METHOD_RETURN,RET,7,,BY_VALUE,6,,,4,ANY,ANY
128849018963,METHOD_RETURN,RET,0,,BY_VALUE,1,,,4,,ANY
128849018964,METHOD_RETURN,RET,23,TenantRoleAliasesService;src/shared/context/tenant-role-aliases/tenant-role-aliases.service.ts::program:TenantRoleAliasesService,BY_VALUE,24,,,5,TenantRoleAliasesService,ANY
128849018965,METHOD_RETURN,RET,2,src/shared/context/role-aliases/domain/role-aliases:service:ts::program:RoleAliasesService:<init>;RoleAliasesService,BY_VALUE,16,,,8,RoleAliasesService,ANY
128849018966,METHOD_RETURN,RET,64,@avantodev/avanto-db:TenantRoleAliases;TenantRoleAliases,BY_VALUE,69,,,6,TenantRoleAliases,@avantodev/avanto-db:TenantRoleAliases
128849018967,METHOD_RETURN,RET,2,Promise<any>;__ecma.Array,BY_VALUE,28,,,5,Promise<any>,ANY
128849018968,METHOD_RETURN,RET,2,Promise<RoleAlias[]>;__ecma.Array,BY_VALUE,80,,,4,Promise<RoleAlias[]>,ANY
128849018969,METHOD_RETURN,RET,2,Promise<RoleAlias>,BY_VALUE,92,,,5,Promise<RoleAlias>,Promise<RoleAlias>
128849018970,METHOD_RETURN,RET,35,__ecma.String:toLowerCase:<returnValue>;__ecma.String,BY_VALUE,120,,,6,__ecma.String,__ecma.String
128849018971,METHOD_RETURN,RET,39,__ecma.String:toLowerCase:<returnValue>;__ecma.String,BY_VALUE,125,,,6,__ecma.String,__ecma.String
128849018972,METHOD_RETURN,RET,2,Promise<RoleAlias[]>;__ecma.Array,BY_VALUE,105,,,5,Promise<RoleAlias[]>,ANY
128849018973,METHOD_RETURN,RET,69,@avantodev/avanto-db:TenantRoleAliases;TenantRoleAliases,BY_VALUE,204,,,6,TenantRoleAliases,@avantodev/avanto-db:TenantRoleAliases
128849018974,METHOD_RETURN,RET,2,Promise<any>;Repository<RoleAlias>:save:<returnValue>,BY_VALUE,144,,,6,Promise<any>,Promise<any>
128849018975,METHOD_RETURN,RET,2,Promise<any>;Repository<RoleAlias>:save:<returnValue>,BY_VALUE,214,,,5,Promise<any>,Promise<any>
128849018976,METHOD_RETURN,RET,0,,BY_VALUE,1,,,4,,ANY
128849018977,METHOD_RETURN,RET,7,,BY_VALUE,5,,,4,ANY,ANY
128849018978,METHOD_RETURN,RET,0,,BY_VALUE,1,,,4,,ANY
128849018979,METHOD_RETURN,RET,7,,BY_VALUE,4,,,4,ANY,ANY
128849018980,METHOD_RETURN,RET,0,,BY_VALUE,1,,,4,,ANY
128849018981,METHOD_RETURN,RET,7,,BY_VALUE,1,,,4,ANY,ANY
128849018982,METHOD_RETURN,RET,0,,BY_VALUE,1,,,4,,ANY
128849018983,METHOD_RETURN,RET,7,,BY_VALUE,6,,,4,ANY,ANY
128849018984,METHOD_RETURN,RET,0,,BY_VALUE,1,,,4,,ANY
128849018985,METHOD_RETURN,RET,2,src/shared/context/roles/domain/roles:service:ts::program:RolesService:<init>;RolesService,BY_VALUE,16,,,5,RolesService,ANY
128849018986,METHOD_RETURN,RET,2,Promise<any>;Repository<Role>:save:<returnValue>,BY_VALUE,21,,,5,Promise<any>,Promise<any>
128849018987,METHOD_RETURN,RET,2,Promise<Role[]>;__ecma.Array,BY_VALUE,105,,,4,Promise<Role[]>,ANY
128849018988,METHOD_RETURN,RET,2,Promise<any>,BY_VALUE,122,,,5,Promise<any>,Promise<any>
128849018989,METHOD_RETURN,RET,25,__ecma.String:toLowerCase:<returnValue>:trim:<returnValue>;__ecma.String,BY_VALUE,181,,,6,__ecma.String,__ecma.String
128849018990,METHOD_RETURN,RET,81,__ecma.String:toLowerCase:<returnValue>:trim:<returnValue>;__ecma.String,BY_VALUE,186,,,6,__ecma.String,__ecma.String
128849018991,METHOD_RETURN,RET,2,Promise<Role[]>;__ecma.Array,BY_VALUE,148,,,5,Promise<Role[]>,ANY
128849018992,METHOD_RETURN,RET,2,Promise<any>;Repository<Role>:save:<returnValue>,BY_VALUE,229,,,6,Promise<any>,Promise<any>
128849018993,METHOD_RETURN,RET,2,Promise<any>;Repository<Role>:save:<returnValue>,BY_VALUE,343,,,5,Promise<any>,Promise<any>
128849018994,METHOD_RETURN,RET,0,,BY_VALUE,1,,,4,,ANY
128849018995,METHOD_RETURN,RET,7,,BY_VALUE,6,,,4,ANY,ANY
128849018996,METHOD_RETURN,RET,0,,BY_VALUE,1,,,4,,ANY
128849018997,METHOD_RETURN,RET,7,,BY_VALUE,5,,,4,ANY,ANY
128849018998,METHOD_RETURN,RET,0,,BY_VALUE,1,,,4,,ANY
128849018999,METHOD_RETURN,RET,7,,BY_VALUE,5,,,4,ANY,ANY
128849019000,METHOD_RETURN,RET,0,,BY_VALUE,1,,,4,,ANY
128849019001,METHOD_RETURN,RET,7,,BY_VALUE,1,,,4,ANY,ANY
128849019002,METHOD_RETURN,RET,0,,BY_VALUE,1,,,4,,ANY
128849019003,METHOD_RETURN,RET,7,,BY_VALUE,6,,,4,ANY,ANY
128849019004,METHOD_RETURN,RET,0,,BY_VALUE,1,,,4,,ANY
128849019005,METHOD_RETURN,RET,2,src/shared/context/tenant-role-aliases/tenant-role-aliases:service:ts::program:TenantRoleAliasesService:<init>;TenantRoleAliasesService,BY_VALUE,16,,,8,TenantRoleAliasesService,ANY
128849019006,METHOD_RETURN,RET,2,Promise<any>;__ecma.Boolean,BY_VALUE,27,,,5,Promise<any>,ANY
128849019007,METHOD_RETURN,RET,2,Promise<any>,BY_VALUE,93,,,4,Promise<any>,Promise<any>
128849019008,METHOD_RETURN,RET,2,Promise<any>,BY_VALUE,102,,,5,Promise<any>,Promise<any>
128849019009,METHOD_RETURN,RET,2,Promise<any>,BY_VALUE,112,,,5,Promise<any>,Promise<any>
128849019010,METHOD_RETURN,RET,2,Promise<any>;__ecma.Null,BY_VALUE,134,,,6,Promise<any>,ANY
128849019011,METHOD_RETURN,RET,2,Promise<any>;Repository<Tenant>:save:<returnValue>,BY_VALUE,217,,,5,Promise<any>,Promise<any>
128849019012,METHOD_RETURN,RET,25,,BY_VALUE,290,,,6,void,void
128849019013,METHOD_RETURN,RET,2,Promise<TenantRoleAliases[]>;__ecma.Array,BY_VALUE,241,,,5,Promise<TenantRoleAliases[]>,ANY
128849019014,METHOD_RETURN,RET,0,,BY_VALUE,1,,,4,,ANY
128849019015,METHOD_RETURN,RET,7,,BY_VALUE,5,,,4,ANY,ANY
128849019016,METHOD_RETURN,RET,0,,BY_VALUE,1,,,4,,ANY
128849019017,METHOD_RETURN,RET,7,,BY_VALUE,5,,,4,ANY,ANY
128849019018,METHOD_RETURN,RET,0,,BY_VALUE,1,,,4,,ANY
128849019019,METHOD_RETURN,RET,7,,BY_VALUE,1,,,4,ANY,ANY
128849019020,METHOD_RETURN,RET,0,,BY_VALUE,1,,,4,,ANY
128849019021,METHOD_RETURN,RET,7,,BY_VALUE,6,,,4,ANY,ANY
128849019022,METHOD_RETURN,RET,0,,BY_VALUE,1,,,4,,ANY
128849019023,METHOD_RETURN,RET,2,src/shared/context/tenants/domain/tenants:service:ts::program:TenantsService:<init>;TenantsService,BY_VALUE,15,,,5,TenantsService,ANY
128849019024,METHOD_RETURN,RET,2,Promise<any>;Repository<Tenant>:save:<returnValue>,BY_VALUE,20,,,5,Promise<any>,Promise<any>
128849019025,METHOD_RETURN,RET,2,Promise<Tenant[]>;__ecma.Array,BY_VALUE,43,,,4,Promise<Tenant[]>,ANY
128849019026,METHOD_RETURN,RET,2,Promise<Tenant>,BY_VALUE,63,,,5,Promise<Tenant>,Promise<Tenant>
128849019027,METHOD_RETURN,RET,79,__ecma.String,BY_VALUE,127,,,6,__ecma.String,__ecma.String
128849019028,METHOD_RETURN,RET,76,__ecma.String,BY_VALUE,131,,,6,__ecma.String,__ecma.String
128849019029,METHOD_RETURN,RET,2,Promise<Tenant[]>;__ecma.Array,BY_VALUE,92,,,5,Promise<Tenant[]>,ANY
128849019030,METHOD_RETURN,RET,2,Promise<any>;Repository<Tenant>:save:<returnValue>,BY_VALUE,171,,,6,Promise<any>,Promise<any>
128849019031,METHOD_RETURN,RET,2,Promise<any>;Repository<Tenant>:save:<returnValue>,BY_VALUE,220,,,5,Promise<any>,Promise<any>
128849019032,METHOD_RETURN,RET,2,__ecma.Array.factory:<returnValue>;Promise<Tenant[]>,BY_VALUE,251,,,5,Promise<Tenant[]>,Promise<Tenant[]>
128849019033,METHOD_RETURN,RET,0,,BY_VALUE,1,,,4,,ANY
128849019034,METHOD_RETURN,RET,0,,BY_VALUE,1,,,4,,ANY
128849019035,METHOD_RETURN,RET,7,,BY_VALUE,5,,,4,ANY,ANY
128849019036,METHOD_RETURN,RET,0,,BY_VALUE,1,,,4,,ANY
128849019037,METHOD_RETURN,RET,7,,BY_VALUE,5,,,4,ANY,ANY
128849019038,METHOD_RETURN,RET,0,,BY_VALUE,1,,,4,,ANY
128849019039,METHOD_RETURN,RET,7,,BY_VALUE,6,,,4,ANY,ANY
128849019040,METHOD_RETURN,RET,0,,BY_VALUE,1,,,4,,ANY
128849019041,METHOD_RETURN,RET,7,,BY_VALUE,1,,,4,ANY,ANY
128849019042,METHOD_RETURN,RET,0,,BY_VALUE,1,,,4,,ANY
128849019043,METHOD_RETURN,RET,23,UsersService;src/shared/context/users/domain/users.service.ts::program:UsersService,BY_VALUE,22,,,5,UsersService,ANY
128849019044,METHOD_RETURN,RET,23,src/shared/context/tenants/domain/tenants.service.ts::program:TenantsService;TenantsService,BY_VALUE,25,,,5,TenantsService,ANY
128849019045,METHOD_RETURN,RET,23,src/shared/context/roles/domain/roles.service.ts::program:RolesService;RolesService,BY_VALUE,28,,,5,RolesService,ANY
128849019046,METHOD_RETURN,RET,23,src/shared/context/role-aliases/domain/role-aliases.service.ts::program:RoleAliasesService;RoleAliasesService,BY_VALUE,31,,,5,RoleAliasesService,ANY
128849019047,METHOD_RETURN,RET,2,src/shared/context/user-role-by-tenants/user-role-by-tenants:service:ts::program:UserRoleByTenantsService:<init>;UserRoleByTenantsService,BY_VALUE,18,,,9,UserRoleByTenantsService,ANY
128849019048,METHOD_RETURN,RET,54,,BY_VALUE,76,,,6,ANY,ANY
128849019049,METHOD_RETURN,RET,2,Promise<any>;__ecma.Boolean,BY_VALUE,35,,,5,Promise<any>,ANY
128849019050,METHOD_RETURN,RET,2,Promise<any>,BY_VALUE,114,,,4,Promise<any>,Promise<any>
128849019051,METHOD_RETURN,RET,2,Promise<any>,BY_VALUE,125,,,5,Promise<any>,Promise<any>
128849019052,METHOD_RETURN,RET,54,,BY_VALUE,208,,,6,ANY,ANY
128849019053,METHOD_RETURN,RET,44,,BY_VALUE,243,,,6,void,void
128849019054,METHOD_RETURN,RET,2,Promise<any>;RoleAlias,BY_VALUE,162,,,6,Promise<any>,ANY
128849019055,METHOD_RETURN,RET,2,Repository<UserRoleByTenants>:save:<returnValue>;Promise<any>,BY_VALUE,260,,,5,Promise<any>,Promise<any>
128849019056,METHOD_RETURN,RET,0,,BY_VALUE,1,,,4,,ANY
128849019057,METHOD_RETURN,RET,7,,BY_VALUE,6,,,4,ANY,ANY
128849019058,METHOD_RETURN,RET,0,,BY_VALUE,1,,,4,,ANY
128849019059,METHOD_RETURN,RET,7,,BY_VALUE,5,,,4,ANY,ANY
128849019060,METHOD_RETURN,RET,0,,BY_VALUE,1,,,4,,ANY
128849019061,METHOD_RETURN,RET,7,,BY_VALUE,6,,,4,ANY,ANY
128849019062,METHOD_RETURN,RET,0,,BY_VALUE,1,,,4,,ANY
128849019063,METHOD_RETURN,RET,7,,BY_VALUE,3,,,4,ANY,ANY
128849019064,METHOD_RETURN,RET,0,,BY_VALUE,1,,,4,,ANY
128849019065,METHOD_RETURN,RET,0,,BY_VALUE,1,,,4,,ANY
128849019066,METHOD_RETURN,RET,2,src/shared/context/users/domain/user-verification:service:ts::program:UserVerificationService:<init>;UserVerificationService,BY_VALUE,16,,,7,UserVerificationService,ANY
128849019067,METHOD_RETURN,RET,79,,BY_VALUE,65,,,6,ANY,ANY
128849019068,METHOD_RETURN,RET,2,Promise<boolean>;__ecma.Boolean,BY_VALUE,28,,,5,Promise<boolean>,ANY
128849019069,METHOD_RETURN,RET,2,Repository<User>:save:<returnValue>;Promise<User>,BY_VALUE,90,,,5,Promise<User>,Promise<User>
128849019070,METHOD_RETURN,RET,2,Promise<boolean>;__ecma.Boolean,BY_VALUE,130,,,5,Promise<boolean>,ANY
128849019071,METHOD_RETURN,RET,2,Promise<boolean>;__ecma.Boolean,BY_VALUE,165,,,5,Promise<boolean>,ANY
128849019072,METHOD_RETURN,RET,0,,BY_VALUE,1,,,4,,ANY
128849019073,METHOD_RETURN,RET,23,src/shared/context/tenants/domain/tenants.service.ts::program:TenantsService;TenantsService,BY_VALUE,38,,,5,TenantsService,ANY
128849019074,METHOD_RETURN,RET,2,src/shared/context/users/domain/users:service:ts::program:UsersService:<init>;UsersService,BY_VALUE,32,,,8,UsersService,ANY
128849019075,METHOD_RETURN,RET,2,Promise<any>;Date,BY_VALUE,46,,,6,Promise<any>,ANY
128849019076,METHOD_RETURN,RET,2,Promise<User[]>;__ecma.Array,BY_VALUE,156,,,4,Promise<User[]>,ANY
128849019077,METHOD_RETURN,RET,2,Promise<User>,BY_VALUE,170,,,5,Promise<User>,Promise<User>
128849019078,METHOD_RETURN,RET,35,__ecma.String,BY_VALUE,224,,,6,__ecma.String,__ecma.String
128849019079,METHOD_RETURN,RET,33,__ecma.String,BY_VALUE,230,,,6,__ecma.String,__ecma.String
128849019080,METHOD_RETURN,RET,27,__ecma.String:toLowerCase:<returnValue>;__ecma.String,BY_VALUE,236,,,6,__ecma.String,__ecma.String
128849019081,METHOD_RETURN,RET,2,Promise<User[]>;__ecma.Array,BY_VALUE,191,,,5,Promise<User[]>,ANY
128849019082,METHOD_RETURN,RET,39,__ecma.Boolean,BY_VALUE,390,,,6,__ecma.Boolean,__ecma.Boolean
128849019083,METHOD_RETURN,RET,8,__ecma.Array:some:<returnValue>;__ecma.Boolean,BY_VALUE,390,,,6,__ecma.Boolean,__ecma.Boolean
128849019084,METHOD_RETURN,RET,42,__ecma.Boolean,BY_VALUE,393,,,6,__ecma.Boolean,__ecma.Boolean
128849019085,METHOD_RETURN,RET,8,__ecma.Boolean;__ecma.Array:filter:<returnValue>:some:<returnValue>;__ecma.Boolean:some:<returnValue>,BY_VALUE,393,,,6,__ecma.Boolean,__ecma.Boolean
128849019086,METHOD_RETURN,RET,2,Promise<any>;Repository<User>:save:<returnValue>,BY_VALUE,303,,,7,Promise<any>,Promise<any>
128849019087,METHOD_RETURN,RET,2,Promise<any>;Repository<User>:save:<returnValue>,BY_VALUE,443,,,6,Promise<any>,Promise<any>
128849019088,METHOD_RETURN,RET,27,,BY_VALUE,483,,,6,ANY,ANY
128849019089,METHOD_RETURN,RET,75,__ecma.Boolean,BY_VALUE,484,,,6,__ecma.Boolean,__ecma.Boolean
128849019090,METHOD_RETURN,RET,37,__ecma.Boolean,BY_VALUE,484,,,8,__ecma.Boolean,__ecma.Boolean
128849019091,METHOD_RETURN,RET,27,,BY_VALUE,486,,,6,ANY,ANY
128849019092,METHOD_RETURN,RET,2,Promise<number[]>,BY_VALUE,472,,,5,Promise<number[]>,Promise<number[]>
128849019093,METHOD_RETURN,RET,79,,BY_VALUE,516,,,6,ANY,ANY
128849019094,METHOD_RETURN,RET,2,Promise<any>;Date,BY_VALUE,489,,,5,Promise<any>,ANY
128849019095,METHOD_RETURN,RET,2,Promise<void>;EmailProvider:sendEmail:<returnValue>,BY_VALUE,525,,,5,Promise<void>,Promise<void>
128849019096,METHOD_RETURN,RET,2,Promise<void>;EmailProvider:sendEmail:<returnValue>,BY_VALUE,539,,,5,Promise<void>,Promise<void>
128849019097,METHOD_RETURN,RET,0,,BY_VALUE,1,,,4,,ANY
128849019098,METHOD_RETURN,RET,7,,BY_VALUE,1,,,3,,ANY
128849019099,METHOD_RETURN,RET,7,,BY_VALUE,6,,,3,,ANY
128849019100,METHOD_RETURN,RET,0,,BY_VALUE,1,,,4,,ANY
128849019101,METHOD_RETURN,RET,7,,BY_VALUE,12,,,4,ANY,ANY
128849019102,METHOD_RETURN,RET,0,,BY_VALUE,1,,,4,,ANY
128849019103,METHOD_RETURN,RET,2,src/shared/dataTypes/Options:ts::program:Options:<init>;Options,BY_VALUE,6,,,7,Options,ANY
128849019104,METHOD_RETURN,RET,0,,BY_VALUE,1,,,4,,ANY
128849019105,METHOD_RETURN,RET,0,,BY_VALUE,1,,,4,,ANY
128849019106,METHOD_RETURN,RET,0,,BY_VALUE,1,,,4,,ANY
128849019107,METHOD_RETURN,RET,0,,BY_VALUE,1,,,4,,ANY
128849019108,METHOD_RETURN,RET,0,,BY_VALUE,1,,,4,,ANY
128849019109,METHOD_RETURN,RET,0,,BY_VALUE,1,,,4,,ANY
128849019110,METHOD_RETURN,RET,17,{ correlationId: Request; },BY_VALUE,15,,,6,{ correlationId: Request; },{ correlationId: Request; }
128849019111,METHOD_RETURN,RET,11,undefined,BY_VALUE,21,,,5,ANY,undefined
128849019112,METHOD_RETURN,RET,11,undefined,BY_VALUE,24,,,5,ANY,undefined
128849019113,METHOD_RETURN,RET,0,,BY_VALUE,1,,,4,,ANY
128849019114,METHOD_RETURN,RET,2,src/shared/infrastructure/mails/mailProvider:ts::program:EmailProvider:<init>;EmailProvider,BY_VALUE,11,,,4,EmailProvider,ANY
128849019115,METHOD_RETURN,RET,2,,BY_VALUE,16,,,5,Promise<void>,Promise<void>
128849019116,METHOD_RETURN,RET,2,,BY_VALUE,26,,,8,Promise<void>,Promise<void>
128849019117,METHOD_RETURN,RET,0,,BY_VALUE,1,,,4,,ANY
128849019118,METHOD_RETURN,RET,40,__ecma.String,BY_VALUE,3,,,7,__ecma.String,__ecma.String
128849019119,METHOD_RETURN,RET,0,,BY_VALUE,1,,,4,,ANY
128849019120,METHOD_RETURN,RET,42,__ecma.String,BY_VALUE,3,,,6,__ecma.String,__ecma.String
128849019121,METHOD_RETURN,RET,0,,BY_VALUE,1,,,4,,ANY
128849019122,METHOD_RETURN,RET,44,__ecma.String,BY_VALUE,3,,,7,__ecma.String,__ecma.String
128849019123,METHOD_RETURN,RET,0,,BY_VALUE,1,,,4,,ANY
128849019124,METHOD_RETURN,RET,7,<operator>.cast:<returnValue>;TypeOrmModuleOptions:<returnValue>,BY_VALUE,29,,,4,ANY,ANY
128849019125,METHOD_RETURN,RET,0,,BY_VALUE,1,,,4,,ANY
128849019126,METHOD_RETURN,RET,0,,BY_VALUE,1,,,4,,ANY
128849019127,METHOD_RETURN,RET,0,src/shared/middleware/correlation-id/correlation-id:middleware:ts::program:CorrelationIdMiddleware:<init>;CorrelationIdMiddleware,BY_VALUE,7,,,4,CorrelationIdMiddleware,ANY
128849019128,METHOD_RETURN,RET,2,,BY_VALUE,9,,,7,"(req: Request, res: Response, next: NextFunction) => ANY","(req: Request, res: Response, next: NextFunction) => ANY"
128849019129,METHOD_RETURN,RET,0,,BY_VALUE,1,,,4,,ANY
128849019130,METHOD_RETURN,RET,30,__ecma.Boolean,BY_VALUE,5,,,6,__ecma.Boolean,__ecma.Boolean
128849019131,METHOD_RETURN,RET,31,DateConstructor:<operator>.greaterEqualsThan:<returnValue>;__ecma.Boolean;__ecma.Date:<operator>.greaterEqualsThan:<returnValue>,BY_VALUE,25,,,6,__ecma.Boolean,__ecma.Boolean
128849019132,METHOD_RETURN,RET,29,__ecma.Date:<operator>.lessEqualsThan:<returnValue>;DateConstructor:<operator>.lessEqualsThan:<returnValue>;__ecma.Boolean,BY_VALUE,35,,,6,__ecma.Boolean,__ecma.Boolean
128849019133,METHOD_RETURN,RET,24,__ecma.Boolean,BY_VALUE,42,,,6,__ecma.Boolean,__ecma.Boolean
128849019134,METHOD_RETURN,RET,37,__ecma.String,BY_VALUE,54,,,6,__ecma.String,__ecma.String
128849019135,METHOD_RETURN,RET,9,__ecma.String,BY_VALUE,59,,,6,__ecma.String,__ecma.String
128849019136,METHOD_RETURN,RET,34,__ecma.String,BY_VALUE,56,,,6,__ecma.String,__ecma.String
128849019137,METHOD_RETURN,RET,27,RegExp:test:<returnValue>;__ecma.String:test:<returnValue>;__ecma.Boolean,BY_VALUE,62,,,6,__ecma.Boolean,__ecma.Boolean
128849019138,METHOD_RETURN,RET,32,__ecma.String:test:<returnValue>;__ecma.Boolean,BY_VALUE,67,,,6,__ecma.Boolean,__ecma.Boolean
128849019139,METHOD_RETURN,RET,34,__ecma.Object:includes:<returnValue>;Object.values:<returnValue>:includes:<returnValue>;__ecma.Boolean,BY_VALUE,71,,,6,__ecma.Boolean,__ecma.Boolean
128849019140,METHOD_RETURN,RET,10,,BY_VALUE,85,,,6,ANY,ANY
128849019141,METHOD_RETURN,RET,11,,BY_VALUE,86,,,6,never,never
128849019142,METHOD_RETURN,RET,28,Promise<any>,BY_VALUE,76,,,7,Promise<any>,Promise<any>
128849019143,METHOD_RETURN,RET,35,__ecma.String,BY_VALUE,92,,,7,__ecma.String,__ecma.String
128849019144,METHOD_RETURN,RET,29,__ecma.String,BY_VALUE,102,,,5,__ecma.String,__ecma.String
128849019145,METHOD_RETURN,RET,28,__ecma.String,BY_VALUE,106,,,5,__ecma.String,__ecma.String
128849019146,METHOD_RETURN,RET,28,__ecma.String,BY_VALUE,110,,,5,__ecma.String,__ecma.String
128849019147,METHOD_RETURN,RET,26,__ecma.String,BY_VALUE,114,,,5,__ecma.String,__ecma.String
128849019148,METHOD_RETURN,RET,32,__ecma.String,BY_VALUE,118,,,5,__ecma.String,__ecma.String
128849019149,METHOD_RETURN,RET,31,__ecma.String,BY_VALUE,122,,,5,__ecma.String,__ecma.String
128849019150,METHOD_RETURN,RET,34,__ecma.String,BY_VALUE,126,,,5,__ecma.String,__ecma.String
128849019151,METHOD_RETURN,RET,28,__ecma.String,BY_VALUE,130,,,5,__ecma.String,__ecma.String
128849019152,METHOD_RETURN,RET,35,__ecma.String,BY_VALUE,134,,,5,__ecma.String,__ecma.String
128849019153,METHOD_RETURN,RET,10,,BY_VALUE,140,,,6,ANY,ANY
128849019154,METHOD_RETURN,RET,11,,BY_VALUE,141,,,6,never,never
128849019155,METHOD_RETURN,RET,27,Promise<any>,BY_VALUE,138,,,8,Promise<any>,Promise<any>
128849019156,METHOD_RETURN,RET,32,Promise<void>;src/shared/infrastructure/mails/mailProvider:ts::program:EmailProvider:sendEmail:<returnValue>;EmailProvider:sendEmail:<returnValue>,BY_VALUE,176,,,8,Promise<void>,Promise<void>
128849019157,METHOD_RETURN,RET,42,Promise<void>;src/shared/infrastructure/mails/mailProvider:ts::program:EmailProvider:sendEmail:<returnValue>;EmailProvider:sendEmail:<returnValue>,BY_VALUE,198,,,7,Promise<void>,Promise<void>
128849019158,METHOD_RETURN,RET,42,Promise<void>;src/shared/infrastructure/mails/mailProvider:ts::program:EmailProvider:sendEmail:<returnValue>;EmailProvider:sendEmail:<returnValue>,BY_VALUE,230,,,7,Promise<void>,Promise<void>
128849019159,METHOD_RETURN,RET,0,,BY_VALUE,1,,,4,,ANY
128849019160,METHOD_RETURN,RET,,,BY_VALUE,,,,2,,ANY
128849019161,METHOD_RETURN,RET,,,BY_VALUE,,,,2,,ANY
128849019162,METHOD_RETURN,RET,,,BY_VALUE,,,,2,,ANY
128849019163,METHOD_RETURN,RET,,,BY_VALUE,,,,2,,ANY
128849019164,METHOD_RETURN,RET,,,BY_VALUE,,,,2,,ANY
128849019165,METHOD_RETURN,RET,,,BY_VALUE,,,,2,,ANY
128849019166,METHOD_RETURN,RET,,,BY_VALUE,,,,2,,ANY
128849019167,METHOD_RETURN,RET,,,BY_VALUE,,,,2,,ANY
128849019168,METHOD_RETURN,RET,,,BY_VALUE,,,,2,,ANY
128849019169,METHOD_RETURN,RET,,,BY_VALUE,,,,2,,ANY
128849019170,METHOD_RETURN,RET,,,BY_VALUE,,,,2,,ANY
128849019171,METHOD_RETURN,RET,,,BY_VALUE,,,,2,,ANY
128849019172,METHOD_RETURN,RET,,,BY_VALUE,,,,2,,ANY
128849019173,METHOD_RETURN,RET,,,BY_VALUE,,,,2,,ANY
128849019174,METHOD_RETURN,RET,,,BY_VALUE,,,,2,,ANY
128849019175,METHOD_RETURN,RET,,,BY_VALUE,,,,2,,ANY
128849019176,METHOD_RETURN,RET,,,BY_VALUE,,,,2,,ANY
128849019177,METHOD_RETURN,RET,,,BY_VALUE,,,,2,,ANY
128849019178,METHOD_RETURN,RET,,,BY_VALUE,,,,2,,ANY
128849019179,METHOD_RETURN,RET,,,BY_VALUE,,,,2,,ANY
128849019180,METHOD_RETURN,RET,,,BY_VALUE,,,,2,,ANY
128849019181,METHOD_RETURN,RET,,,BY_VALUE,,,,2,,ANY
128849019182,METHOD_RETURN,RET,,,BY_VALUE,,,,2,,ANY
128849019183,METHOD_RETURN,RET,,,BY_VALUE,,,,2,,ANY
128849019184,METHOD_RETURN,RET,,,BY_VALUE,,,,2,,ANY
128849019185,METHOD_RETURN,RET,,,BY_VALUE,,,,2,,ANY
128849019186,METHOD_RETURN,RET,,,BY_VALUE,,,,2,,ANY
128849019187,METHOD_RETURN,RET,,,BY_VALUE,,,,2,,ANY
128849019188,METHOD_RETURN,RET,,,BY_VALUE,,,,2,,ANY
128849019189,METHOD_RETURN,RET,,,BY_VALUE,,,,2,,ANY
128849019190,METHOD_RETURN,RET,,,BY_VALUE,,,,2,,ANY
128849019191,METHOD_RETURN,RET,,,BY_VALUE,,,,2,,ANY
128849019192,METHOD_RETURN,RET,,,BY_VALUE,,,,2,,ANY
128849019193,METHOD_RETURN,RET,,,BY_VALUE,,,,2,,ANY
128849019194,METHOD_RETURN,RET,,,BY_VALUE,,,,2,,ANY
128849019195,METHOD_RETURN,RET,,,BY_VALUE,,,,2,,ANY
128849019196,METHOD_RETURN,RET,,,BY_VALUE,,,,2,,ANY
128849019197,METHOD_RETURN,RET,,,BY_VALUE,,,,2,,ANY
128849019198,METHOD_RETURN,RET,,,BY_VALUE,,,,2,,ANY
128849019199,METHOD_RETURN,RET,,,BY_VALUE,,,,2,,ANY
128849019200,METHOD_RETURN,RET,,,BY_VALUE,,,,2,,ANY
128849019201,METHOD_RETURN,RET,,,BY_VALUE,,,,2,,ANY
128849019202,METHOD_RETURN,RET,,,BY_VALUE,,,,2,,ANY
128849019203,METHOD_RETURN,RET,,,BY_VALUE,,,,2,,ANY
128849019204,METHOD_RETURN,RET,,,BY_VALUE,,,,2,,ANY
128849019205,METHOD_RETURN,RET,,,BY_VALUE,,,,2,,ANY
128849019206,METHOD_RETURN,RET,,,BY_VALUE,,,,2,,ANY
128849019207,METHOD_RETURN,RET,,,BY_VALUE,,,,2,,ANY
128849019208,METHOD_RETURN,RET,,,BY_VALUE,,,,2,,ANY
128849019209,METHOD_RETURN,RET,,,BY_VALUE,,,,2,,ANY
128849019210,METHOD_RETURN,RET,,,BY_VALUE,,,,2,,ANY
128849019211,METHOD_RETURN,RET,,,BY_VALUE,,,,2,,ANY
128849019212,METHOD_RETURN,RET,,,BY_VALUE,,,,2,,ANY
128849019213,METHOD_RETURN,RET,,,BY_VALUE,,,,2,,ANY
128849019214,METHOD_RETURN,RET,,,BY_VALUE,,,,2,,ANY
128849019215,METHOD_RETURN,RET,,,BY_VALUE,,,,2,,ANY
128849019216,METHOD_RETURN,RET,,,BY_VALUE,,,,2,,ANY
128849019217,METHOD_RETURN,RET,,,BY_VALUE,,,,2,,ANY
128849019218,METHOD_RETURN,RET,,,BY_VALUE,,,,2,,ANY
128849019219,METHOD_RETURN,RET,,,BY_VALUE,,,,2,,ANY
128849019220,METHOD_RETURN,RET,,,BY_VALUE,,,,2,,ANY
128849019221,METHOD_RETURN,RET,,,BY_VALUE,,,,2,,ANY
128849019222,METHOD_RETURN,RET,,,BY_VALUE,,,,2,,ANY
128849019223,METHOD_RETURN,RET,,,BY_VALUE,,,,2,,ANY
128849019224,METHOD_RETURN,RET,,,BY_VALUE,,,,2,,ANY
128849019225,METHOD_RETURN,RET,,,BY_VALUE,,,,2,,ANY
128849019226,METHOD_RETURN,RET,,,BY_VALUE,,,,2,,ANY
128849019227,METHOD_RETURN,RET,,,BY_VALUE,,,,2,,ANY
128849019228,METHOD_RETURN,RET,,,BY_VALUE,,,,2,,ANY
128849019229,METHOD_RETURN,RET,,,BY_VALUE,,,,2,,ANY
128849019230,METHOD_RETURN,RET,,,BY_VALUE,,,,2,,ANY
128849019231,METHOD_RETURN,RET,,,BY_VALUE,,,,2,,ANY
128849019232,METHOD_RETURN,RET,,,BY_VALUE,,,,2,,ANY
128849019233,METHOD_RETURN,RET,,,BY_VALUE,,,,2,,ANY
128849019234,METHOD_RETURN,RET,,,BY_VALUE,,,,2,,ANY
128849019235,METHOD_RETURN,RET,,,BY_VALUE,,,,2,,ANY
128849019236,METHOD_RETURN,RET,,,BY_VALUE,,,,2,,ANY
128849019237,METHOD_RETURN,RET,,,BY_VALUE,,,,2,,ANY
128849019238,METHOD_RETURN,RET,,,BY_VALUE,,,,2,,ANY
128849019239,METHOD_RETURN,RET,,,BY_VALUE,,,,2,,ANY
128849019240,METHOD_RETURN,RET,,,BY_VALUE,,,,2,,ANY
128849019241,METHOD_RETURN,RET,,,BY_VALUE,,,,2,,ANY
128849019242,METHOD_RETURN,RET,,,BY_VALUE,,,,2,,ANY
128849019243,METHOD_RETURN,RET,,,BY_VALUE,,,,2,,ANY
128849019244,METHOD_RETURN,RET,,,BY_VALUE,,,,2,,ANY
128849019245,METHOD_RETURN,RET,,,BY_VALUE,,,,2,,ANY
128849019246,METHOD_RETURN,RET,,,BY_VALUE,,,,2,,ANY
128849019247,METHOD_RETURN,RET,,,BY_VALUE,,,,2,,ANY
128849019248,METHOD_RETURN,RET,,,BY_VALUE,,,,2,,ANY
128849019249,METHOD_RETURN,RET,,,BY_VALUE,,,,2,,ANY
128849019250,METHOD_RETURN,RET,,,BY_VALUE,,,,2,,ANY
128849019251,METHOD_RETURN,RET,,,BY_VALUE,,,,2,,ANY
128849019252,METHOD_RETURN,RET,,,BY_VALUE,,,,2,,ANY
128849019253,METHOD_RETURN,RET,,,BY_VALUE,,,,2,,ANY
128849019254,METHOD_RETURN,RET,,,BY_VALUE,,,,2,,ANY
128849019255,METHOD_RETURN,RET,,,BY_VALUE,,,,2,,ANY
128849019256,METHOD_RETURN,RET,,,BY_VALUE,,,,2,,ANY
128849019257,METHOD_RETURN,RET,,,BY_VALUE,,,,2,,ANY
128849019258,METHOD_RETURN,RET,,,BY_VALUE,,,,2,,ANY
128849019259,METHOD_RETURN,RET,,,BY_VALUE,,,,2,,ANY
128849019260,METHOD_RETURN,RET,,,BY_VALUE,,,,2,,ANY
128849019261,METHOD_RETURN,RET,,,BY_VALUE,,,,2,,ANY
128849019262,METHOD_RETURN,RET,,,BY_VALUE,,,,2,,ANY
128849019263,METHOD_RETURN,RET,,,BY_VALUE,,,,2,,ANY
128849019264,METHOD_RETURN,RET,,,BY_VALUE,,,,2,,ANY
128849019265,METHOD_RETURN,RET,,,BY_VALUE,,,,2,,ANY
128849019266,METHOD_RETURN,RET,,,BY_VALUE,,,,2,,ANY
128849019267,METHOD_RETURN,RET,,,BY_VALUE,,,,2,,ANY
128849019268,METHOD_RETURN,RET,,,BY_VALUE,,,,2,,ANY
128849019269,METHOD_RETURN,RET,,,BY_VALUE,,,,2,,ANY
128849019270,METHOD_RETURN,RET,,,BY_VALUE,,,,2,,ANY
128849019271,METHOD_RETURN,RET,,,BY_VALUE,,,,2,,ANY
128849019272,METHOD_RETURN,RET,,,BY_VALUE,,,,2,,ANY
128849019273,METHOD_RETURN,RET,,,BY_VALUE,,,,2,,ANY
128849019274,METHOD_RETURN,RET,,,BY_VALUE,,,,2,,ANY
128849019275,METHOD_RETURN,RET,,,BY_VALUE,,,,2,,ANY
128849019276,METHOD_RETURN,RET,,,BY_VALUE,,,,2,,ANY
128849019277,METHOD_RETURN,RET,,,BY_VALUE,,,,2,,ANY
128849019278,METHOD_RETURN,RET,,,BY_VALUE,,,,2,,ANY
128849019279,METHOD_RETURN,RET,,,BY_VALUE,,,,2,,ANY
128849019280,METHOD_RETURN,RET,,,BY_VALUE,,,,2,,ANY
128849019281,METHOD_RETURN,RET,,,BY_VALUE,,,,2,,ANY
128849019282,METHOD_RETURN,RET,,,BY_VALUE,,,,2,,ANY
128849019283,METHOD_RETURN,RET,,,BY_VALUE,,,,2,,ANY
128849019284,METHOD_RETURN,RET,,,BY_VALUE,,,,2,,ANY
128849019285,METHOD_RETURN,RET,,,BY_VALUE,,,,2,,ANY
128849019286,METHOD_RETURN,RET,,,BY_VALUE,,,,2,,ANY
128849019287,METHOD_RETURN,RET,,,BY_VALUE,,,,2,,ANY
128849019288,METHOD_RETURN,RET,,,BY_VALUE,,,,2,,ANY
128849019289,METHOD_RETURN,RET,,,BY_VALUE,,,,2,,ANY
128849019290,METHOD_RETURN,RET,,,BY_VALUE,,,,2,,ANY
128849019291,METHOD_RETURN,RET,,,BY_VALUE,,,,2,,ANY
128849019292,METHOD_RETURN,RET,,,BY_VALUE,,,,2,,ANY
128849019293,METHOD_RETURN,RET,,,BY_VALUE,,,,2,,ANY
128849019294,METHOD_RETURN,RET,,,BY_VALUE,,,,2,,ANY
128849019295,METHOD_RETURN,RET,,,BY_VALUE,,,,2,,ANY
128849019296,METHOD_RETURN,RET,,,BY_VALUE,,,,2,,ANY
128849019297,METHOD_RETURN,RET,,,BY_VALUE,,,,2,,ANY
128849019298,METHOD_RETURN,RET,,,BY_VALUE,,,,2,,ANY
128849019299,METHOD_RETURN,RET,,,BY_VALUE,,,,2,,ANY
128849019300,METHOD_RETURN,RET,,,BY_VALUE,,,,2,,ANY
128849019301,METHOD_RETURN,RET,,,BY_VALUE,,,,2,,ANY
128849019302,METHOD_RETURN,RET,,,BY_VALUE,,,,2,,ANY
128849019303,METHOD_RETURN,RET,,,BY_VALUE,,,,2,,ANY
128849019304,METHOD_RETURN,RET,,,BY_VALUE,,,,2,,ANY
128849019305,METHOD_RETURN,RET,,,BY_VALUE,,,,2,,ANY
128849019306,METHOD_RETURN,RET,,,BY_VALUE,,,,2,,ANY
128849019307,METHOD_RETURN,RET,,,BY_VALUE,,,,2,,ANY
128849019308,METHOD_RETURN,RET,,,BY_VALUE,,,,2,,ANY
128849019309,METHOD_RETURN,RET,,,BY_VALUE,,,,2,,ANY
128849019310,METHOD_RETURN,RET,,,BY_VALUE,,,,2,,ANY
128849019311,METHOD_RETURN,RET,,,BY_VALUE,,,,2,,ANY
128849019312,METHOD_RETURN,RET,,,BY_VALUE,,,,2,,ANY
128849019313,METHOD_RETURN,RET,,,BY_VALUE,,,,2,,ANY
128849019314,METHOD_RETURN,RET,,,BY_VALUE,,,,2,,ANY
128849019315,METHOD_RETURN,RET,,,BY_VALUE,,,,2,,ANY
128849019316,METHOD_RETURN,RET,,,BY_VALUE,,,,2,,ANY
128849019317,METHOD_RETURN,RET,,,BY_VALUE,,,,2,,ANY
128849019318,METHOD_RETURN,RET,,,BY_VALUE,,,,2,,ANY
128849019319,METHOD_RETURN,RET,,,BY_VALUE,,,,2,,ANY
128849019320,METHOD_RETURN,RET,,,BY_VALUE,,,,2,,ANY
128849019321,METHOD_RETURN,RET,,,BY_VALUE,,,,2,,ANY
128849019322,METHOD_RETURN,RET,,,BY_VALUE,,,,2,,ANY
128849019323,METHOD_RETURN,RET,,,BY_VALUE,,,,2,,ANY
128849019324,METHOD_RETURN,RET,,,BY_VALUE,,,,2,,ANY
128849019325,METHOD_RETURN,RET,,,BY_VALUE,,,,2,,ANY
128849019326,METHOD_RETURN,RET,,,BY_VALUE,,,,2,,ANY
128849019327,METHOD_RETURN,RET,,,BY_VALUE,,,,2,,ANY
128849019328,METHOD_RETURN,RET,,,BY_VALUE,,,,2,,ANY
128849019329,METHOD_RETURN,RET,,,BY_VALUE,,,,2,,ANY
128849019330,METHOD_RETURN,RET,,,BY_VALUE,,,,2,,ANY
128849019331,METHOD_RETURN,RET,,,BY_VALUE,,,,2,,ANY
128849019332,METHOD_RETURN,RET,,,BY_VALUE,,,,2,,ANY
128849019333,METHOD_RETURN,RET,,,BY_VALUE,,,,2,,ANY
128849019334,METHOD_RETURN,RET,,,BY_VALUE,,,,2,,ANY
128849019335,METHOD_RETURN,RET,,,BY_VALUE,,,,2,,ANY
128849019336,METHOD_RETURN,RET,,,BY_VALUE,,,,2,,ANY
128849019337,METHOD_RETURN,RET,,,BY_VALUE,,,,2,,ANY
128849019338,METHOD_RETURN,RET,,,BY_VALUE,,,,2,,ANY
128849019339,METHOD_RETURN,RET,,,BY_VALUE,,,,2,,ANY
128849019340,METHOD_RETURN,RET,,,BY_VALUE,,,,2,,ANY
128849019341,METHOD_RETURN,RET,,,BY_VALUE,,,,2,,ANY
128849019342,METHOD_RETURN,RET,,,BY_VALUE,,,,2,,ANY
128849019343,METHOD_RETURN,RET,,,BY_VALUE,,,,2,,ANY
128849019344,METHOD_RETURN,RET,,,BY_VALUE,,,,2,,ANY
128849019345,METHOD_RETURN,RET,,,BY_VALUE,,,,2,,ANY
128849019346,METHOD_RETURN,RET,,,BY_VALUE,,,,2,,ANY
128849019347,METHOD_RETURN,RET,,,BY_VALUE,,,,2,,ANY
128849019348,METHOD_RETURN,RET,,,BY_VALUE,,,,2,,ANY
128849019349,METHOD_RETURN,RET,,,BY_VALUE,,,,2,,ANY
128849019350,METHOD_RETURN,RET,,,BY_VALUE,,,,2,,ANY
128849019351,METHOD_RETURN,RET,,,BY_VALUE,,,,2,,ANY
128849019352,METHOD_RETURN,RET,,,BY_VALUE,,,,2,,ANY
128849019353,METHOD_RETURN,RET,,,BY_VALUE,,,,2,,ANY
128849019354,METHOD_RETURN,RET,,,BY_VALUE,,,,2,,ANY
128849019355,METHOD_RETURN,RET,,,BY_VALUE,,,,2,,ANY
128849019356,METHOD_RETURN,RET,,,BY_VALUE,,,,2,,ANY
128849019357,METHOD_RETURN,RET,,,BY_VALUE,,,,2,,ANY
128849019358,METHOD_RETURN,RET,,,BY_VALUE,,,,2,,ANY
128849019359,METHOD_RETURN,RET,,,BY_VALUE,,,,2,,ANY
128849019360,METHOD_RETURN,RET,,,BY_VALUE,,,,2,,ANY
128849019361,METHOD_RETURN,RET,,,BY_VALUE,,,,2,,ANY
128849019362,METHOD_RETURN,RET,,,BY_VALUE,,,,2,,ANY
128849019363,METHOD_RETURN,RET,,,BY_VALUE,,,,2,,ANY
128849019364,METHOD_RETURN,RET,,,BY_VALUE,,,,2,,ANY
128849019365,METHOD_RETURN,RET,,,BY_VALUE,,,,2,,ANY
128849019366,METHOD_RETURN,RET,,,BY_VALUE,,,,2,,ANY
128849019367,METHOD_RETURN,RET,,,BY_VALUE,,,,2,,ANY
128849019368,METHOD_RETURN,RET,,,BY_VALUE,,,,2,,ANY
128849019369,METHOD_RETURN,RET,,,BY_VALUE,,,,2,,ANY
128849019370,METHOD_RETURN,RET,,,BY_VALUE,,,,2,,ANY
128849019371,METHOD_RETURN,RET,,,BY_VALUE,,,,2,,ANY
128849019372,METHOD_RETURN,RET,,,BY_VALUE,,,,2,,ANY
128849019373,METHOD_RETURN,RET,,,BY_VALUE,,,,2,,ANY
128849019374,METHOD_RETURN,RET,,,BY_VALUE,,,,2,,ANY
