133143986176,MODIFIER,<empty>,0,1,MODULE,,,3
133143986177,MODIFIER,<empty>,,,PRIVATE,,,-1
133143986178,MODIFIER,<empty>,2,7,VIRTUAL,,,4
133143986179,MODIFIER,<empty>,,,CONSTRUCTOR,,,-1
133143986180,MODIFIER,<empty>,2,9,VIRTUAL,,,3
133143986181,MODIFIER,<empty>,0,1,MODULE,,,3
133143986182,MODIFIER,<empty>,0,15,VIRTUAL,,,3
133143986183,MODIFIER,<empty>,,,CONSTRUCTOR,,,-1
133143986184,MODIFIER,<empty>,2,29,VIRTUAL,,,4
133143986185,MODIFIER,<empty>,0,1,MODULE,,,3
133143986186,MODIFIER,<empty>,,,PRIVATE,,,-1
133143986187,MODIFIER,<empty>,0,3,VIRTUAL,,,3
133143986188,MODIFIER,<empty>,,,CONSTRUCTOR,,,-1
133143986189,MODIFIER,<empty>,2,7,VIRTUAL,,,3
133143986190,MODIFIER,<empty>,0,1,MODULE,,,3
133143986191,MODIFIER,<empty>,,,PRIVATE,,,-1
133143986192,MODIFIER,<empty>,2,11,VIRTUAL,,,4
133143986193,MODIFIER,<empty>,,,CONSTRUCTOR,,,-1
133143986194,MODIFIER,<empty>,2,14,VIRTUAL,,,4
133143986195,MODIFIER,<empty>,2,23,VIRTUAL,,,3
133143986196,MODIFIER,<empty>,2,29,VIRTUAL,,,4
133143986197,MODIFIER,<empty>,2,36,VIRTUAL,,,4
133143986198,MODIFIER,<empty>,2,44,VIRTUAL,,,5
133143986199,MODIFIER,<empty>,2,52,VIRTUAL,,,4
133143986200,MODIFIER,<empty>,0,1,MODULE,,,3
133143986201,MODIFIER,<empty>,0,9,VIRTUAL,,,3
133143986202,MODIFIER,<empty>,,,CONSTRUCTOR,,,-1
133143986203,MODIFIER,<empty>,0,1,MODULE,,,3
133143986204,MODIFIER,<empty>,,,PRIVATE,,,-1
133143986205,MODIFIER,<empty>,2,11,VIRTUAL,,,4
133143986206,MODIFIER,<empty>,,,CONSTRUCTOR,,,-1
133143986207,MODIFIER,<empty>,2,14,VIRTUAL,,,4
133143986208,MODIFIER,<empty>,2,22,VIRTUAL,,,3
133143986209,MODIFIER,<empty>,2,28,VIRTUAL,,,4
133143986210,MODIFIER,<empty>,2,35,VIRTUAL,,,4
133143986211,MODIFIER,<empty>,2,43,VIRTUAL,,,5
133143986212,MODIFIER,<empty>,2,51,VIRTUAL,,,4
133143986213,MODIFIER,<empty>,0,1,MODULE,,,3
133143986214,MODIFIER,<empty>,0,8,VIRTUAL,,,3
133143986215,MODIFIER,<empty>,,,CONSTRUCTOR,,,-1
133143986216,MODIFIER,<empty>,0,1,MODULE,,,3
133143986217,MODIFIER,<empty>,,,PRIVATE,,,-1
133143986218,MODIFIER,<empty>,2,12,VIRTUAL,,,4
133143986219,MODIFIER,<empty>,,,CONSTRUCTOR,,,-1
133143986220,MODIFIER,<empty>,2,15,VIRTUAL,,,4
133143986221,MODIFIER,<empty>,2,23,VIRTUAL,,,3
133143986222,MODIFIER,<empty>,2,30,VIRTUAL,,,4
133143986223,MODIFIER,<empty>,2,36,VIRTUAL,,,4
133143986224,MODIFIER,<empty>,2,43,VIRTUAL,,,4
133143986225,MODIFIER,<empty>,2,51,VIRTUAL,,,5
133143986226,MODIFIER,<empty>,2,59,VIRTUAL,,,4
133143986227,MODIFIER,<empty>,0,1,MODULE,,,3
133143986228,MODIFIER,<empty>,0,8,VIRTUAL,,,3
133143986229,MODIFIER,<empty>,,,CONSTRUCTOR,,,-1
133143986230,MODIFIER,<empty>,0,1,MODULE,,,3
133143986231,MODIFIER,<empty>,,,PRIVATE,,,-1
133143986232,MODIFIER,<empty>,2,11,VIRTUAL,,,4
133143986233,MODIFIER,<empty>,,,CONSTRUCTOR,,,-1
133143986234,MODIFIER,<empty>,2,14,VIRTUAL,,,4
133143986235,MODIFIER,<empty>,2,28,VIRTUAL,,,3
133143986236,MODIFIER,<empty>,2,34,VIRTUAL,,,4
133143986237,MODIFIER,<empty>,2,41,VIRTUAL,,,4
133143986238,MODIFIER,<empty>,2,49,VIRTUAL,,,5
133143986239,MODIFIER,<empty>,2,62,VIRTUAL,,,4
133143986240,MODIFIER,<empty>,0,1,MODULE,,,3
133143986241,MODIFIER,<empty>,0,8,VIRTUAL,,,3
133143986242,MODIFIER,<empty>,,,CONSTRUCTOR,,,-1
133143986243,MODIFIER,<empty>,0,1,MODULE,,,3
133143986244,MODIFIER,<empty>,,,PRIVATE,,,-1
133143986245,MODIFIER,<empty>,2,10,VIRTUAL,,,4
133143986246,MODIFIER,<empty>,,,CONSTRUCTOR,,,-1
133143986247,MODIFIER,<empty>,2,13,VIRTUAL,,,4
133143986248,MODIFIER,<empty>,2,21,VIRTUAL,,,3
133143986249,MODIFIER,<empty>,2,27,VIRTUAL,,,4
133143986250,MODIFIER,<empty>,2,35,VIRTUAL,,,5
133143986251,MODIFIER,<empty>,2,43,VIRTUAL,,,4
133143986252,MODIFIER,<empty>,0,1,MODULE,,,3
133143986253,MODIFIER,<empty>,0,14,VIRTUAL,,,3
133143986254,MODIFIER,<empty>,,,CONSTRUCTOR,,,-1
133143986255,MODIFIER,<empty>,0,1,MODULE,,,3
133143986256,MODIFIER,<empty>,,,PRIVATE,,,-1
133143986257,MODIFIER,<empty>,2,12,VIRTUAL,,,4
133143986258,MODIFIER,<empty>,,,CONSTRUCTOR,,,-1
133143986259,MODIFIER,<empty>,2,15,VIRTUAL,,,5
133143986260,MODIFIER,<empty>,2,26,VIRTUAL,,,3
133143986261,MODIFIER,<empty>,2,32,VIRTUAL,,,4
133143986262,MODIFIER,<empty>,2,38,VIRTUAL,,,4
133143986263,MODIFIER,<empty>,2,46,VIRTUAL,,,6
133143986264,MODIFIER,<empty>,2,56,VIRTUAL,,,4
133143986265,MODIFIER,<empty>,2,64,VIRTUAL,,,4
133143986266,MODIFIER,<empty>,2,69,VIRTUAL,,,4
133143986267,MODIFIER,<empty>,2,74,VIRTUAL,,,5
133143986268,MODIFIER,<empty>,0,1,MODULE,,,3
133143986269,MODIFIER,<empty>,0,10,VIRTUAL,,,3
133143986270,MODIFIER,<empty>,,,CONSTRUCTOR,,,-1
133143986271,MODIFIER,<empty>,0,1,MODULE,,,3
133143986272,MODIFIER,<empty>,30,27,VIRTUAL,,,3
133143986273,MODIFIER,<empty>,30,27,LAMBDA,,,4
133143986274,MODIFIER,<empty>,0,10,VIRTUAL,,,3
133143986275,MODIFIER,<empty>,0,1,MODULE,,,3
133143986276,MODIFIER,<empty>,7,5,VIRTUAL,,,3
133143986277,MODIFIER,<empty>,,,CONSTRUCTOR,,,-1
133143986278,MODIFIER,<empty>,0,1,MODULE,,,3
133143986279,MODIFIER,<empty>,7,5,VIRTUAL,,,3
133143986280,MODIFIER,<empty>,,,CONSTRUCTOR,,,-1
133143986281,MODIFIER,<empty>,0,1,MODULE,,,3
133143986282,MODIFIER,<empty>,7,3,VIRTUAL,,,3
133143986283,MODIFIER,<empty>,,,CONSTRUCTOR,,,-1
133143986284,MODIFIER,<empty>,0,1,MODULE,,,3
133143986285,MODIFIER,<empty>,7,6,VIRTUAL,,,3
133143986286,MODIFIER,<empty>,,,CONSTRUCTOR,,,-1
133143986287,MODIFIER,<empty>,0,1,MODULE,,,3
133143986288,MODIFIER,<empty>,,,PRIVATE,,,-1
133143986289,MODIFIER,<empty>,,,PRIVATE,,,-1
133143986290,MODIFIER,<empty>,23,24,VIRTUAL,,,3
133143986291,MODIFIER,<empty>,23,24,LAMBDA,,,4
133143986292,MODIFIER,<empty>,2,16,VIRTUAL,,,7
133143986293,MODIFIER,<empty>,,,CONSTRUCTOR,,,-1
133143986294,MODIFIER,<empty>,64,69,VIRTUAL,,,4
133143986295,MODIFIER,<empty>,64,69,LAMBDA,,,5
133143986296,MODIFIER,<empty>,2,28,VIRTUAL,,,4
133143986297,MODIFIER,<empty>,2,80,VIRTUAL,,,3
133143986298,MODIFIER,<empty>,2,92,VIRTUAL,,,4
133143986299,MODIFIER,<empty>,35,120,VIRTUAL,,,4
133143986300,MODIFIER,<empty>,35,120,LAMBDA,,,5
133143986301,MODIFIER,<empty>,39,125,VIRTUAL,,,4
133143986302,MODIFIER,<empty>,39,125,LAMBDA,,,5
133143986303,MODIFIER,<empty>,2,105,VIRTUAL,,,4
133143986304,MODIFIER,<empty>,69,204,VIRTUAL,,,4
133143986305,MODIFIER,<empty>,69,204,LAMBDA,,,5
133143986306,MODIFIER,<empty>,2,144,VIRTUAL,,,5
133143986307,MODIFIER,<empty>,2,214,VIRTUAL,,,4
133143986308,MODIFIER,<empty>,0,1,MODULE,,,3
133143986309,MODIFIER,<empty>,7,5,VIRTUAL,,,3
133143986310,MODIFIER,<empty>,,,CONSTRUCTOR,,,-1
133143986311,MODIFIER,<empty>,0,1,MODULE,,,3
133143986312,MODIFIER,<empty>,7,4,VIRTUAL,,,3
133143986313,MODIFIER,<empty>,,,CONSTRUCTOR,,,-1
133143986314,MODIFIER,<empty>,0,1,MODULE,,,3
133143986315,MODIFIER,<empty>,7,1,VIRTUAL,,,3
133143986316,MODIFIER,<empty>,,,CONSTRUCTOR,,,-1
133143986317,MODIFIER,<empty>,0,1,MODULE,,,3
133143986318,MODIFIER,<empty>,7,6,VIRTUAL,,,3
133143986319,MODIFIER,<empty>,,,CONSTRUCTOR,,,-1
133143986320,MODIFIER,<empty>,0,1,MODULE,,,3
133143986321,MODIFIER,<empty>,,,PRIVATE,,,-1
133143986322,MODIFIER,<empty>,,,PRIVATE,,,-1
133143986323,MODIFIER,<empty>,2,16,VIRTUAL,,,4
133143986324,MODIFIER,<empty>,,,CONSTRUCTOR,,,-1
133143986325,MODIFIER,<empty>,2,21,VIRTUAL,,,4
133143986326,MODIFIER,<empty>,2,105,VIRTUAL,,,3
133143986327,MODIFIER,<empty>,2,122,VIRTUAL,,,4
133143986328,MODIFIER,<empty>,25,181,VIRTUAL,,,4
133143986329,MODIFIER,<empty>,25,181,LAMBDA,,,5
133143986330,MODIFIER,<empty>,81,186,VIRTUAL,,,4
133143986331,MODIFIER,<empty>,81,186,LAMBDA,,,5
133143986332,MODIFIER,<empty>,2,148,VIRTUAL,,,4
133143986333,MODIFIER,<empty>,2,229,VIRTUAL,,,5
133143986334,MODIFIER,<empty>,2,343,VIRTUAL,,,4
133143986335,MODIFIER,<empty>,0,1,MODULE,,,3
133143986336,MODIFIER,<empty>,7,6,VIRTUAL,,,3
133143986337,MODIFIER,<empty>,,,CONSTRUCTOR,,,-1
133143986338,MODIFIER,<empty>,0,1,MODULE,,,3
133143986339,MODIFIER,<empty>,7,5,VIRTUAL,,,3
133143986340,MODIFIER,<empty>,,,CONSTRUCTOR,,,-1
133143986341,MODIFIER,<empty>,0,1,MODULE,,,3
133143986342,MODIFIER,<empty>,7,5,VIRTUAL,,,3
133143986343,MODIFIER,<empty>,,,CONSTRUCTOR,,,-1
133143986344,MODIFIER,<empty>,0,1,MODULE,,,3
133143986345,MODIFIER,<empty>,7,1,VIRTUAL,,,3
133143986346,MODIFIER,<empty>,,,CONSTRUCTOR,,,-1
133143986347,MODIFIER,<empty>,0,1,MODULE,,,3
133143986348,MODIFIER,<empty>,7,6,VIRTUAL,,,3
133143986349,MODIFIER,<empty>,,,CONSTRUCTOR,,,-1
133143986350,MODIFIER,<empty>,0,1,MODULE,,,3
133143986351,MODIFIER,<empty>,,,PRIVATE,,,-1
133143986352,MODIFIER,<empty>,,,PRIVATE,,,-1
133143986353,MODIFIER,<empty>,2,16,VIRTUAL,,,7
133143986354,MODIFIER,<empty>,,,CONSTRUCTOR,,,-1
133143986355,MODIFIER,<empty>,2,27,VIRTUAL,,,4
133143986356,MODIFIER,<empty>,2,93,VIRTUAL,,,3
133143986357,MODIFIER,<empty>,2,102,VIRTUAL,,,4
133143986358,MODIFIER,<empty>,2,112,VIRTUAL,,,4
133143986359,MODIFIER,<empty>,2,134,VIRTUAL,,,5
133143986360,MODIFIER,<empty>,2,217,VIRTUAL,,,4
133143986361,MODIFIER,<empty>,25,290,VIRTUAL,,,4
133143986362,MODIFIER,<empty>,25,290,LAMBDA,,,5
133143986363,MODIFIER,<empty>,2,241,VIRTUAL,,,4
133143986364,MODIFIER,<empty>,0,1,MODULE,,,3
133143986365,MODIFIER,<empty>,7,5,VIRTUAL,,,3
133143986366,MODIFIER,<empty>,,,CONSTRUCTOR,,,-1
133143986367,MODIFIER,<empty>,0,1,MODULE,,,3
133143986368,MODIFIER,<empty>,7,5,VIRTUAL,,,3
133143986369,MODIFIER,<empty>,,,CONSTRUCTOR,,,-1
133143986370,MODIFIER,<empty>,0,1,MODULE,,,3
133143986371,MODIFIER,<empty>,7,1,VIRTUAL,,,3
133143986372,MODIFIER,<empty>,,,CONSTRUCTOR,,,-1
133143986373,MODIFIER,<empty>,0,1,MODULE,,,3
133143986374,MODIFIER,<empty>,7,6,VIRTUAL,,,3
133143986375,MODIFIER,<empty>,,,CONSTRUCTOR,,,-1
133143986376,MODIFIER,<empty>,0,1,MODULE,,,3
133143986377,MODIFIER,<empty>,,,PRIVATE,,,-1
133143986378,MODIFIER,<empty>,,,PRIVATE,,,-1
133143986379,MODIFIER,<empty>,2,15,VIRTUAL,,,4
133143986380,MODIFIER,<empty>,,,CONSTRUCTOR,,,-1
133143986381,MODIFIER,<empty>,2,20,VIRTUAL,,,4
133143986382,MODIFIER,<empty>,2,43,VIRTUAL,,,3
133143986383,MODIFIER,<empty>,2,63,VIRTUAL,,,4
133143986384,MODIFIER,<empty>,79,127,VIRTUAL,,,4
133143986385,MODIFIER,<empty>,79,127,LAMBDA,,,5
133143986386,MODIFIER,<empty>,76,131,VIRTUAL,,,4
133143986387,MODIFIER,<empty>,76,131,LAMBDA,,,5
133143986388,MODIFIER,<empty>,2,92,VIRTUAL,,,4
133143986389,MODIFIER,<empty>,2,171,VIRTUAL,,,5
133143986390,MODIFIER,<empty>,2,220,VIRTUAL,,,4
133143986391,MODIFIER,<empty>,2,251,VIRTUAL,,,4
133143986392,MODIFIER,<empty>,0,1,MODULE,,,3
133143986393,MODIFIER,<empty>,0,1,MODULE,,,3
133143986394,MODIFIER,<empty>,7,5,VIRTUAL,,,3
133143986395,MODIFIER,<empty>,,,CONSTRUCTOR,,,-1
133143986396,MODIFIER,<empty>,0,1,MODULE,,,3
133143986397,MODIFIER,<empty>,7,5,VIRTUAL,,,3
133143986398,MODIFIER,<empty>,,,CONSTRUCTOR,,,-1
133143986399,MODIFIER,<empty>,0,1,MODULE,,,3
133143986400,MODIFIER,<empty>,7,6,VIRTUAL,,,3
133143986401,MODIFIER,<empty>,,,CONSTRUCTOR,,,-1
133143986402,MODIFIER,<empty>,0,1,MODULE,,,3
133143986403,MODIFIER,<empty>,7,1,VIRTUAL,,,3
133143986404,MODIFIER,<empty>,,,CONSTRUCTOR,,,-1
133143986405,MODIFIER,<empty>,0,1,MODULE,,,3
133143986406,MODIFIER,<empty>,,,PRIVATE,,,-1
133143986407,MODIFIER,<empty>,23,22,VIRTUAL,,,3
133143986408,MODIFIER,<empty>,23,22,LAMBDA,,,4
133143986409,MODIFIER,<empty>,23,25,VIRTUAL,,,3
133143986410,MODIFIER,<empty>,23,25,LAMBDA,,,4
133143986411,MODIFIER,<empty>,23,28,VIRTUAL,,,3
133143986412,MODIFIER,<empty>,23,28,LAMBDA,,,4
133143986413,MODIFIER,<empty>,23,31,VIRTUAL,,,3
133143986414,MODIFIER,<empty>,23,31,LAMBDA,,,4
133143986415,MODIFIER,<empty>,2,18,VIRTUAL,,,8
133143986416,MODIFIER,<empty>,,,CONSTRUCTOR,,,-1
133143986417,MODIFIER,<empty>,54,76,VIRTUAL,,,4
133143986418,MODIFIER,<empty>,54,76,LAMBDA,,,5
133143986419,MODIFIER,<empty>,2,35,VIRTUAL,,,4
133143986420,MODIFIER,<empty>,2,114,VIRTUAL,,,3
133143986421,MODIFIER,<empty>,2,125,VIRTUAL,,,4
133143986422,MODIFIER,<empty>,54,208,VIRTUAL,,,4
133143986423,MODIFIER,<empty>,54,208,LAMBDA,,,5
133143986424,MODIFIER,<empty>,44,243,VIRTUAL,,,4
133143986425,MODIFIER,<empty>,44,243,LAMBDA,,,5
133143986426,MODIFIER,<empty>,2,162,VIRTUAL,,,5
133143986427,MODIFIER,<empty>,2,260,VIRTUAL,,,4
133143986428,MODIFIER,<empty>,0,1,MODULE,,,3
133143986429,MODIFIER,<empty>,7,6,VIRTUAL,,,3
133143986430,MODIFIER,<empty>,,,CONSTRUCTOR,,,-1
133143986431,MODIFIER,<empty>,0,1,MODULE,,,3
133143986432,MODIFIER,<empty>,7,5,VIRTUAL,,,3
133143986433,MODIFIER,<empty>,,,CONSTRUCTOR,,,-1
133143986434,MODIFIER,<empty>,0,1,MODULE,,,3
133143986435,MODIFIER,<empty>,7,6,VIRTUAL,,,3
133143986436,MODIFIER,<empty>,,,CONSTRUCTOR,,,-1
133143986437,MODIFIER,<empty>,0,1,MODULE,,,3
133143986438,MODIFIER,<empty>,7,3,VIRTUAL,,,3
133143986439,MODIFIER,<empty>,,,CONSTRUCTOR,,,-1
133143986440,MODIFIER,<empty>,0,1,MODULE,,,3
133143986441,MODIFIER,<empty>,0,1,MODULE,,,3
133143986442,MODIFIER,<empty>,,,PRIVATE,,,-1
133143986443,MODIFIER,<empty>,2,16,VIRTUAL,,,6
133143986444,MODIFIER,<empty>,,,CONSTRUCTOR,,,-1
133143986445,MODIFIER,<empty>,79,65,VIRTUAL,,,4
133143986446,MODIFIER,<empty>,79,65,LAMBDA,,,5
133143986447,MODIFIER,<empty>,2,28,VIRTUAL,,,4
133143986448,MODIFIER,<empty>,2,90,VIRTUAL,,,4
133143986449,MODIFIER,<empty>,2,130,VIRTUAL,,,4
133143986450,MODIFIER,<empty>,2,165,VIRTUAL,,,4
133143986451,MODIFIER,<empty>,0,1,MODULE,,,3
133143986452,MODIFIER,<empty>,,,PRIVATE,,,-1
133143986453,MODIFIER,<empty>,,,PRIVATE,,,-1
133143986454,MODIFIER,<empty>,23,38,VIRTUAL,,,3
133143986455,MODIFIER,<empty>,23,38,LAMBDA,,,4
133143986456,MODIFIER,<empty>,2,32,VIRTUAL,,,7
133143986457,MODIFIER,<empty>,,,CONSTRUCTOR,,,-1
133143986458,MODIFIER,<empty>,2,46,VIRTUAL,,,5
133143986459,MODIFIER,<empty>,2,156,VIRTUAL,,,3
133143986460,MODIFIER,<empty>,2,170,VIRTUAL,,,4
133143986461,MODIFIER,<empty>,35,224,VIRTUAL,,,4
133143986462,MODIFIER,<empty>,35,224,LAMBDA,,,5
133143986463,MODIFIER,<empty>,33,230,VIRTUAL,,,4
133143986464,MODIFIER,<empty>,33,230,LAMBDA,,,5
133143986465,MODIFIER,<empty>,27,236,VIRTUAL,,,4
133143986466,MODIFIER,<empty>,27,236,LAMBDA,,,5
133143986467,MODIFIER,<empty>,2,191,VIRTUAL,,,4
133143986468,MODIFIER,<empty>,39,390,VIRTUAL,,,4
133143986469,MODIFIER,<empty>,39,390,LAMBDA,,,5
133143986470,MODIFIER,<empty>,8,390,VIRTUAL,,,4
133143986471,MODIFIER,<empty>,8,390,LAMBDA,,,5
133143986472,MODIFIER,<empty>,42,393,VIRTUAL,,,4
133143986473,MODIFIER,<empty>,42,393,LAMBDA,,,5
133143986474,MODIFIER,<empty>,8,393,VIRTUAL,,,4
133143986475,MODIFIER,<empty>,8,393,LAMBDA,,,5
133143986476,MODIFIER,<empty>,2,303,VIRTUAL,,,6
133143986477,MODIFIER,<empty>,2,443,VIRTUAL,,,5
133143986478,MODIFIER,<empty>,27,483,VIRTUAL,,,4
133143986479,MODIFIER,<empty>,27,483,LAMBDA,,,5
133143986480,MODIFIER,<empty>,75,484,VIRTUAL,,,4
133143986481,MODIFIER,<empty>,75,484,LAMBDA,,,5
133143986482,MODIFIER,<empty>,37,484,VIRTUAL,,,6
133143986483,MODIFIER,<empty>,37,484,LAMBDA,,,7
133143986484,MODIFIER,<empty>,27,486,VIRTUAL,,,4
133143986485,MODIFIER,<empty>,27,486,LAMBDA,,,5
133143986486,MODIFIER,<empty>,2,472,VIRTUAL,,,4
133143986487,MODIFIER,<empty>,79,516,VIRTUAL,,,4
133143986488,MODIFIER,<empty>,79,516,LAMBDA,,,5
133143986489,MODIFIER,<empty>,2,489,VIRTUAL,,,4
133143986490,MODIFIER,<empty>,2,525,VIRTUAL,,,4
133143986491,MODIFIER,<empty>,2,539,VIRTUAL,,,4
133143986492,MODIFIER,<empty>,0,1,MODULE,,,3
133143986493,MODIFIER,<empty>,,,STATIC,,,2
133143986494,MODIFIER,<empty>,,,STATIC,,,2
133143986495,MODIFIER,<empty>,0,1,MODULE,,,3
133143986496,MODIFIER,<empty>,7,12,VIRTUAL,,,3
133143986497,MODIFIER,<empty>,,,CONSTRUCTOR,,,-1
133143986498,MODIFIER,<empty>,0,1,MODULE,,,3
133143986499,MODIFIER,<empty>,2,6,VIRTUAL,,,6
133143986500,MODIFIER,<empty>,,,CONSTRUCTOR,,,-1
133143986501,MODIFIER,<empty>,0,1,MODULE,,,3
133143986502,MODIFIER,<empty>,0,1,MODULE,,,3
133143986503,MODIFIER,<empty>,0,1,MODULE,,,3
133143986504,MODIFIER,<empty>,0,1,MODULE,,,3
133143986505,MODIFIER,<empty>,0,1,MODULE,,,3
133143986506,MODIFIER,<empty>,0,1,MODULE,,,3
133143986507,MODIFIER,<empty>,17,15,VIRTUAL,,,4
133143986508,MODIFIER,<empty>,17,15,LAMBDA,,,5
133143986509,MODIFIER,<empty>,11,21,VIRTUAL,,,3
133143986510,MODIFIER,<empty>,11,21,LAMBDA,,,4
133143986511,MODIFIER,<empty>,11,24,VIRTUAL,,,3
133143986512,MODIFIER,<empty>,11,24,LAMBDA,,,4
133143986513,MODIFIER,<empty>,0,1,MODULE,,,3
133143986514,MODIFIER,<empty>,,,PRIVATE,,,-1
133143986515,MODIFIER,<empty>,2,11,VIRTUAL,,,3
133143986516,MODIFIER,<empty>,,,CONSTRUCTOR,,,-1
133143986517,MODIFIER,<empty>,,,PRIVATE,,,-1
133143986518,MODIFIER,<empty>,,,PRIVATE,,,-1
133143986519,MODIFIER,<empty>,2,16,VIRTUAL,,,4
133143986520,MODIFIER,<empty>,2,26,VIRTUAL,,,7
133143986521,MODIFIER,<empty>,0,1,MODULE,,,3
133143986522,MODIFIER,<empty>,40,3,VIRTUAL,,,5
133143986523,MODIFIER,<empty>,40,3,LAMBDA,,,6
133143986524,MODIFIER,<empty>,0,1,MODULE,,,3
133143986525,MODIFIER,<empty>,42,3,VIRTUAL,,,4
133143986526,MODIFIER,<empty>,42,3,LAMBDA,,,5
133143986527,MODIFIER,<empty>,0,1,MODULE,,,3
133143986528,MODIFIER,<empty>,44,3,VIRTUAL,,,5
133143986529,MODIFIER,<empty>,44,3,LAMBDA,,,6
133143986530,MODIFIER,<empty>,0,1,MODULE,,,3
133143986531,MODIFIER,<empty>,7,29,VIRTUAL,,,3
133143986532,MODIFIER,<empty>,0,1,MODULE,,,3
133143986533,MODIFIER,<empty>,0,1,MODULE,,,3
133143986534,MODIFIER,<empty>,0,7,VIRTUAL,,,3
133143986535,MODIFIER,<empty>,,,CONSTRUCTOR,,,-1
133143986536,MODIFIER,<empty>,2,9,VIRTUAL,,,6
133143986537,MODIFIER,<empty>,0,1,MODULE,,,3
133143986538,MODIFIER,<empty>,30,5,VIRTUAL,,,4
133143986539,MODIFIER,<empty>,30,5,LAMBDA,,,5
133143986540,MODIFIER,<empty>,31,25,VIRTUAL,,,4
133143986541,MODIFIER,<empty>,31,25,LAMBDA,,,5
133143986542,MODIFIER,<empty>,29,35,VIRTUAL,,,4
133143986543,MODIFIER,<empty>,29,35,LAMBDA,,,5
133143986544,MODIFIER,<empty>,24,42,VIRTUAL,,,4
133143986545,MODIFIER,<empty>,24,42,LAMBDA,,,5
133143986546,MODIFIER,<empty>,37,54,VIRTUAL,,,4
133143986547,MODIFIER,<empty>,37,54,LAMBDA,,,5
133143986548,MODIFIER,<empty>,9,59,VIRTUAL,,,4
133143986549,MODIFIER,<empty>,9,59,LAMBDA,,,5
133143986550,MODIFIER,<empty>,34,56,VIRTUAL,,,4
133143986551,MODIFIER,<empty>,34,56,LAMBDA,,,5
133143986552,MODIFIER,<empty>,27,62,VIRTUAL,,,4
133143986553,MODIFIER,<empty>,27,62,LAMBDA,,,5
133143986554,MODIFIER,<empty>,32,67,VIRTUAL,,,4
133143986555,MODIFIER,<empty>,32,67,LAMBDA,,,5
133143986556,MODIFIER,<empty>,34,71,VIRTUAL,,,4
133143986557,MODIFIER,<empty>,34,71,LAMBDA,,,5
133143986558,MODIFIER,<empty>,10,85,VIRTUAL,,,4
133143986559,MODIFIER,<empty>,10,85,LAMBDA,,,5
133143986560,MODIFIER,<empty>,11,86,VIRTUAL,,,4
133143986561,MODIFIER,<empty>,11,86,LAMBDA,,,5
133143986562,MODIFIER,<empty>,28,76,VIRTUAL,,,5
133143986563,MODIFIER,<empty>,28,76,LAMBDA,,,6
133143986564,MODIFIER,<empty>,35,92,VIRTUAL,,,5
133143986565,MODIFIER,<empty>,35,92,LAMBDA,,,6
133143986566,MODIFIER,<empty>,29,102,VIRTUAL,,,3
133143986567,MODIFIER,<empty>,29,102,LAMBDA,,,4
133143986568,MODIFIER,<empty>,28,106,VIRTUAL,,,3
133143986569,MODIFIER,<empty>,28,106,LAMBDA,,,4
133143986570,MODIFIER,<empty>,28,110,VIRTUAL,,,3
133143986571,MODIFIER,<empty>,28,110,LAMBDA,,,4
133143986572,MODIFIER,<empty>,26,114,VIRTUAL,,,3
133143986573,MODIFIER,<empty>,26,114,LAMBDA,,,4
133143986574,MODIFIER,<empty>,32,118,VIRTUAL,,,3
133143986575,MODIFIER,<empty>,32,118,LAMBDA,,,4
133143986576,MODIFIER,<empty>,31,122,VIRTUAL,,,3
133143986577,MODIFIER,<empty>,31,122,LAMBDA,,,4
133143986578,MODIFIER,<empty>,34,126,VIRTUAL,,,3
133143986579,MODIFIER,<empty>,34,126,LAMBDA,,,4
133143986580,MODIFIER,<empty>,28,130,VIRTUAL,,,3
133143986581,MODIFIER,<empty>,28,130,LAMBDA,,,4
133143986582,MODIFIER,<empty>,35,134,VIRTUAL,,,3
133143986583,MODIFIER,<empty>,35,134,LAMBDA,,,4
133143986584,MODIFIER,<empty>,10,140,VIRTUAL,,,4
133143986585,MODIFIER,<empty>,10,140,LAMBDA,,,5
133143986586,MODIFIER,<empty>,11,141,VIRTUAL,,,4
133143986587,MODIFIER,<empty>,11,141,LAMBDA,,,5
133143986588,MODIFIER,<empty>,27,138,VIRTUAL,,,6
133143986589,MODIFIER,<empty>,27,138,LAMBDA,,,7
133143986590,MODIFIER,<empty>,32,176,VIRTUAL,,,6
133143986591,MODIFIER,<empty>,32,176,LAMBDA,,,7
133143986592,MODIFIER,<empty>,42,198,VIRTUAL,,,5
133143986593,MODIFIER,<empty>,42,198,LAMBDA,,,6
133143986594,MODIFIER,<empty>,42,230,VIRTUAL,,,5
133143986595,MODIFIER,<empty>,42,230,LAMBDA,,,6
133143986596,MODIFIER,<empty>,0,1,MODULE,,,3
